mmsi,prev_timestamp,next_timestamp,gap_duration_minutes,gap_duration_hours,last_lat,last_lon,last_sog,last_cog,last_heading,next_lat,next_lon,next_sog,prev_segment_id,next_segment_id,gap_class
303071000,2022-01-14 02:18:31+00:00,2022-02-12 06:35:58+00:00,42017.45,700.2908,28.97347,-90.03271,10.5,112.4,116.0,28.96915,-90.01565,10.3,0,1,LONG_GAP
303250000,2022-02-23 09:16:01+00:00,2022-02-23 23:30:54+00:00,854.8833,14.2481,29.01566,-89.95554,18.2,103.8,,28.96894,-89.96117,21.6,0,1,LONG_GAP
303250000,2022-02-23 23:42:55+00:00,2022-03-08 17:43:25+00:00,18360.5,306.0083,28.98649,-90.03781,19.5,282.8,,29.02422,-90.03073,15.8,1,2,LONG_GAP
303250000,2022-03-08 17:59:18+00:00,2022-03-09 09:00:08+00:00,900.8333,15.0139,29.00928,-89.95212,16.4,94.6,,28.9684,-89.97305,15.9,2,3,LONG_GAP
338035000,2022-03-17 19:18:37+00:00,2022-03-18 17:39:37+00:00,1341.0,22.35,28.96824,-90.02741,15.0,111.9,112.0,28.96835,-90.02495,20.9,0,1,LONG_GAP
338035000,2022-03-18 17:42:13+00:00,2022-03-18 23:08:28+00:00,326.25,5.4375,28.97475,-90.03813,18.5,293.8,294.0,28.97451,-90.03719,19.5,1,2,SIGNIFICANT_GAP
338035000,2022-03-18 23:10:39+00:00,2022-03-19 12:51:32+00:00,820.8833,13.6814,28.96996,-90.0248,19.3,112.9,112.0,28.9682,-90.02618,20.0,2,3,LONG_GAP
338035000,2022-03-19 12:52:43+00:00,2022-03-20 20:03:53+00:00,1871.1667,31.1861,28.97115,-90.03266,20.3,295.3,293.0,28.97342,-90.03926,18.6,3,4,LONG_GAP
338035000,2022-03-20 20:05:23+00:00,2022-03-24 06:02:05+00:00,4916.7,81.945,28.96983,-90.03134,18.5,114.0,114.0,28.97202,-90.0344,19.0,4,5,LONG_GAP
338035000,2022-03-24 06:03:12+00:00,2022-03-24 21:15:06+00:00,911.9,15.1983,28.96955,-90.02862,19.1,117.7,114.0,28.97023,-90.02972,20.6,5,6,LONG_GAP
338035000,2022-03-24 21:16:11+00:00,2022-03-25 09:22:45+00:00,726.5667,12.1094,28.97347,-90.03584,21.3,301.7,302.0,28.97286,-90.03635,19.6,6,7,LONG_GAP
338035000,2022-03-25 09:23:53+00:00,2022-03-26 01:51:18+00:00,987.4167,16.4569,28.97049,-90.02985,19.4,109.1,106.0,28.96979,-90.02344,16.3,7,8,LONG_GAP
338035000,2022-03-26 01:54:31+00:00,2022-03-27 11:49:12+00:00,2034.6833,33.9114,28.97598,-90.03863,16.4,288.4,289.0,28.97338,-90.03906,18.5,8,9,LONG_GAP
338035000,2022-03-27 11:50:48+00:00,2022-03-28 10:57:25+00:00,1386.6167,23.1103,28.96986,-90.03073,18.3,116.6,113.0,28.9683,-90.02826,19.3,9,10,LONG_GAP
338047000,2021-12-31 11:03:07+00:00,2022-01-05 12:30:59+00:00,7287.8667,121.4644,28.96898,-90.01318,19.0,128.6,127.0,29.00905,-90.03667,21.1,0,1,LONG_GAP
338047000,2022-01-05 12:43:26+00:00,2022-01-21 00:31:16+00:00,22307.8333,371.7972,28.96828,-89.96785,21.1,134.5,135.0,28.9702,-90.02318,20.2,1,2,LONG_GAP
338047000,2022-01-21 00:33:22+00:00,2022-02-01 02:25:40+00:00,15952.3,265.8717,28.9757,-90.03475,19.7,296.1,300.0,28.96893,-90.03565,20.9,2,3,LONG_GAP
338047000,2022-02-01 02:25:40+00:00,2022-02-21 18:49:44+00:00,29784.0667,496.4011,28.96893,-90.03565,20.9,290.6,290.0,28.98495,-90.03277,19.5,3,4,LONG_GAP
338047000,2022-02-21 18:57:56+00:00,2022-02-22 10:20:36+00:00,922.6667,15.3778,28.97037,-89.98762,18.4,131.3,132.0,28.96847,-89.98723,21.8,4,5,LONG_GAP
338047000,2022-02-22 10:27:48+00:00,2022-03-26 03:35:38+00:00,45667.8333,761.1306,28.98455,-90.03328,23.0,288.8,294.0,28.97075,-90.03515,20.1,5,6,LONG_GAP
338173000,2022-02-07 15:23:23+00:00,2022-02-07 18:09:09+00:00,165.7667,2.7628,28.97283,-90.02228,16.2,192.2,,28.97372,-89.99269,18.8,0,1,SIGNIFICANT_GAP
338173000,2022-02-07 18:26:36+00:00,2022-02-07 19:10:30+00:00,43.9,0.7317,28.97588,-89.98761,19.2,231.0,,28.97205,-89.99554,18.4,1,2,SHORT_GAP
338173000,2022-02-07 20:07:01+00:00,2022-02-07 22:23:00+00:00,135.9833,2.2664,28.96858,-89.99897,18.9,229.7,,28.99826,-89.95858,2.2,2,3,SIGNIFICANT_GAP
338173000,2022-02-07 23:00:10+00:00,2022-02-07 23:23:10+00:00,23.0,0.3833,28.99531,-89.95954,1.2,208.4,,28.99115,-89.97069,4.9,3,4,SHORT_GAP
338173000,2022-02-08 00:58:56+00:00,2022-02-08 01:22:07+00:00,23.1833,0.3864,28.96934,-90.00054,0.0,120.7,,28.9694,-90.00084,0.0,4,5,SHORT_GAP
338173000,2022-02-08 01:22:07+00:00,2022-02-08 01:50:56+00:00,28.8167,0.4803,28.9694,-90.00084,0.0,296.9,,28.96932,-90.00069,0.0,5,6,SHORT_GAP
338173000,2022-02-08 01:50:56+00:00,2022-02-08 02:42:06+00:00,51.1667,0.8528,28.96932,-90.00069,0.0,142.6,,28.96941,-90.00083,0.0,6,7,SHORT_GAP
338173000,2022-02-08 02:48:16+00:00,2022-02-08 03:03:27+00:00,15.1833,0.2531,28.96938,-90.00082,0.0,110.2,,28.96938,-90.00081,0.0,7,8,SHORT_GAP
338173000,2022-02-08 05:43:16+00:00,2022-02-08 06:04:56+00:00,21.6667,0.3611,28.9694,-90.00082,0.0,299.8,,28.96935,-90.00074,0.0,8,9,SHORT_GAP
338173000,2022-02-08 06:24:47+00:00,2022-02-08 07:15:56+00:00,51.15,0.8525,28.96935,-90.00071,0.6,292.4,,28.96933,-90.00067,0.0,9,10,SHORT_GAP
338173000,2022-02-08 08:59:36+00:00,2022-02-08 09:29:37+00:00,30.0167,0.5003,28.96936,-90.00074,0.9,288.6,,28.96932,-90.0007,0.0,10,11,SHORT_GAP
338173000,2022-02-08 09:33:46+00:00,2022-02-08 10:10:26+00:00,36.6667,0.6111,28.96931,-90.00066,0.0,127.7,,28.96938,-90.00078,0.0,11,12,SHORT_GAP
338173000,2022-02-08 10:24:06+00:00,2022-02-08 10:41:57+00:00,17.85,0.2975,28.9694,-90.00078,0.0,132.4,,28.96936,-90.00082,0.0,12,13,SHORT_GAP
338173000,2022-02-08 10:50:46+00:00,2022-02-08 11:17:16+00:00,26.5,0.4417,28.96937,-90.00078,0.0,291.0,,28.96939,-90.00072,0.0,13,14,SHORT_GAP
338173000,2022-02-08 11:33:45+00:00,2022-02-08 14:31:21+00:00,177.6,2.96,28.969,-90.00132,5.8,222.7,,28.99332,-89.96766,0.0,14,15,SIGNIFICANT_GAP
338173000,2022-02-08 14:41:21+00:00,2022-02-08 15:23:01+00:00,41.6667,0.6944,28.99331,-89.96771,0.0,201.2,,28.99327,-89.96767,0.0,15,16,SHORT_GAP
338173000,2022-02-08 17:07:41+00:00,2022-02-08 18:09:42+00:00,62.0167,1.0336,28.99335,-89.96772,0.0,304.7,,28.96888,-89.99833,18.7,16,17,SIGNIFICANT_GAP
338173000,2022-02-08 18:59:15+00:00,2022-02-08 19:21:46+00:00,22.5167,0.3753,28.99338,-89.96728,0.0,78.7,,28.99353,-89.96747,0.0,17,18,SHORT_GAP
338173000,2022-02-08 20:59:52+00:00,2022-02-08 21:37:50+00:00,37.9667,0.6328,28.98467,-89.97822,18.5,238.3,,28.97042,-90.00139,19.0,18,19,SHORT_GAP
338173000,2022-02-08 22:14:47+00:00,2022-02-09 00:24:40+00:00,129.8833,2.1647,28.99747,-89.95803,0.4,256.8,,28.99402,-89.96784,0.4,19,20,SIGNIFICANT_GAP
338173000,2022-02-09 01:51:50+00:00,2022-02-09 14:54:48+00:00,782.9667,13.0494,28.971,-89.99382,18.4,227.0,,28.97136,-89.98463,18.5,20,21,LONG_GAP
338173000,2022-02-09 14:56:48+00:00,2022-02-09 15:13:29+00:00,16.6833,0.2781,28.9784,-89.97907,9.8,32.4,,28.98249,-89.95275,18.4,21,22,SHORT_GAP
338173000,2022-02-09 15:13:29+00:00,2022-02-09 17:45:12+00:00,151.7167,2.5286,28.98249,-89.95275,18.4,84.0,,28.98065,-89.97705,6.8,22,23,SIGNIFICANT_GAP
338173000,2022-02-09 17:46:37+00:00,2022-02-09 18:11:06+00:00,24.4833,0.4081,28.9818,-89.97681,1.5,231.3,,28.99324,-89.96715,0.0,23,24,SHORT_GAP
338173000,2022-02-09 18:11:06+00:00,2022-02-09 18:46:16+00:00,35.1667,0.5861,28.99324,-89.96715,0.0,330.6,,28.9926,-89.96701,2.9,24,25,SHORT_GAP
338173000,2022-02-09 18:52:26+00:00,2022-02-09 20:01:29+00:00,69.05,1.1508,28.98203,-89.97662,0.9,227.9,,28.99532,-89.96543,0.0,25,26,SIGNIFICANT_GAP
338173000,2022-02-09 20:01:29+00:00,2022-02-09 20:32:21+00:00,30.8667,0.5144,28.99532,-89.96543,0.0,19.2,,28.99639,-89.96528,0.0,26,27,SHORT_GAP
338173000,2022-02-09 20:57:41+00:00,2022-02-09 21:26:51+00:00,29.1667,0.4861,28.99476,-89.96687,0.6,192.2,,28.99416,-89.96695,0.0,27,28,SHORT_GAP
338173000,2022-02-09 21:48:30+00:00,2022-02-10 17:39:03+00:00,1190.55,19.8425,28.96828,-89.99175,19.4,226.0,,29.04122,-89.98224,19.7,28,29,LONG_GAP
338173000,2022-02-10 17:52:52+00:00,2022-02-11 13:42:12+00:00,1189.3333,19.8222,28.9709,-90.01548,20.0,210.2,,28.97092,-89.98693,21.5,29,30,LONG_GAP
338173000,2022-02-11 15:26:06+00:00,2022-02-11 16:06:26+00:00,40.3333,0.6722,28.97165,-89.98408,21.0,214.2,,28.96893,-90.00026,5.9,30,31,SHORT_GAP
338173000,2022-02-11 16:19:18+00:00,2022-02-11 20:30:23+00:00,251.0833,4.1847,28.96984,-89.99828,14.9,93.8,,28.97295,-89.98327,18.6,31,32,SIGNIFICANT_GAP
338173000,2022-02-11 20:45:20+00:00,2022-02-11 21:28:58+00:00,43.6333,0.7272,28.97053,-90.00654,21.1,237.8,,28.96819,-90.0033,7.7,32,33,SHORT_GAP
338173000,2022-02-11 23:23:30+00:00,2022-02-12 12:28:35+00:00,785.0833,13.0847,28.96974,-90.01078,18.2,214.5,,28.96962,-89.9547,19.4,33,34,LONG_GAP
338173000,2022-02-12 12:28:35+00:00,2022-02-12 14:39:22+00:00,130.7833,2.1797,28.96962,-89.9547,19.4,247.4,,28.96836,-89.97696,18.7,34,35,SIGNIFICANT_GAP
338173000,2022-02-12 15:45:38+00:00,2022-02-12 18:02:16+00:00,136.6333,2.2772,29.04024,-89.95471,19.4,10.1,,29.03962,-89.98153,19.0,35,36,SIGNIFICANT_GAP
338173000,2022-02-12 18:16:51+00:00,2022-02-12 18:32:27+00:00,15.6,0.26,28.97098,-90.01792,19.5,205.4,,28.96864,-90.00575,11.6,36,37,SHORT_GAP
338173000,2022-02-12 19:25:34+00:00,2022-02-12 19:54:28+00:00,28.9,0.4817,28.97202,-89.99219,19.6,219.2,,28.97148,-89.99598,19.7,37,38,SHORT_GAP
338173000,2022-02-12 21:40:00+00:00,2022-02-12 23:08:58+00:00,88.9667,1.4828,28.97219,-89.98687,19.2,225.0,,28.97122,-89.9932,20.1,38,39,SIGNIFICANT_GAP
338173000,2022-02-12 23:37:48+00:00,2022-02-13 12:54:48+00:00,797.0,13.2833,28.97023,-89.98943,19.8,235.5,,28.96805,-90.00838,9.7,39,40,LONG_GAP
338173000,2022-02-14 00:03:47+00:00,2022-02-14 12:05:23+00:00,721.6,12.0267,28.99235,-89.98542,0.0,165.5,,28.99239,-89.9853,0.0,40,41,LONG_GAP
338173000,2022-02-14 12:32:43+00:00,2022-02-14 14:30:17+00:00,117.5667,1.9594,28.97132,-90.00139,12.2,218.3,,28.96814,-89.95195,19.9,41,42,SIGNIFICANT_GAP
338173000,2022-02-14 14:30:17+00:00,2022-02-14 16:01:23+00:00,91.1,1.5183,28.96814,-89.95195,19.9,246.0,,28.97744,-89.98342,19.9,42,43,SIGNIFICANT_GAP
338173000,2022-02-14 16:32:02+00:00,2022-02-14 23:53:23+00:00,441.35,7.3558,28.96859,-89.99127,11.1,227.9,,28.97113,-89.99011,20.0,43,44,LONG_GAP
338173000,2022-02-15 00:14:40+00:00,2022-02-15 13:49:16+00:00,814.6,13.5767,28.96809,-90.00902,19.8,235.8,,28.97101,-90.00343,8.9,44,45,LONG_GAP
338173000,2022-02-15 15:00:15+00:00,2022-02-15 15:28:37+00:00,28.3667,0.4728,28.96925,-89.99603,13.0,232.3,,28.96812,-90.00748,12.7,45,46,SHORT_GAP
338173000,2022-02-15 15:58:01+00:00,2022-02-15 22:08:05+00:00,370.0667,6.1678,28.96948,-90.01086,10.5,223.5,,28.96873,-89.99539,21.1,46,47,LONG_GAP
338173000,2022-02-15 23:23:12+00:00,2022-02-16 01:04:19+00:00,101.1167,1.6853,28.96921,-89.99836,21.2,232.7,,28.98066,-90.01686,21.1,47,48,SIGNIFICANT_GAP
338173000,2022-02-16 01:15:49+00:00,2022-02-16 11:11:18+00:00,595.4833,9.9247,29.04084,-89.9833,20.8,29.6,,29.04093,-89.97172,20.6,48,49,LONG_GAP
338173000,2022-02-16 11:25:42+00:00,2022-02-16 13:31:25+00:00,125.7167,2.0953,28.97008,-90.01886,20.6,197.6,,28.97044,-89.99468,15.4,49,50,SIGNIFICANT_GAP
338173000,2022-02-16 14:15:36+00:00,2022-02-16 15:35:10+00:00,79.5667,1.3261,28.96986,-89.99326,14.5,227.6,,28.96918,-89.99458,12.6,50,51,SIGNIFICANT_GAP
338173000,2022-02-16 16:58:02+00:00,2022-02-16 17:44:49+00:00,46.7833,0.7797,28.96958,-89.99343,15.0,214.9,,28.96805,-90.00098,15.1,51,52,SHORT_GAP
338173000,2022-02-16 18:02:20+00:00,2022-02-16 18:38:22+00:00,36.0333,0.6006,28.9696,-89.99473,16.0,241.4,,28.97012,-90.0045,16.4,52,53,SHORT_GAP
338173000,2022-02-16 20:34:01+00:00,2022-02-16 21:22:20+00:00,48.3167,0.8053,28.97102,-90.00633,14.9,236.1,,28.96812,-89.95204,15.6,53,54,SHORT_GAP
338173000,2022-02-16 21:22:20+00:00,2022-02-19 04:26:04+00:00,3303.7333,55.0622,28.96812,-89.95204,15.6,86.5,,29.03867,-89.97738,18.7,54,55,LONG_GAP
338173000,2022-02-19 04:39:53+00:00,2022-02-19 05:15:21+00:00,35.4667,0.5911,28.97364,-90.01477,19.1,209.4,,28.96926,-89.99198,19.5,55,56,SHORT_GAP
338173000,2022-02-19 10:01:29+00:00,2022-02-20 15:10:59+00:00,1749.5,29.1583,28.96965,-89.99397,18.9,229.2,,28.98076,-89.97775,3.1,56,57,LONG_GAP
338173000,2022-02-20 17:13:43+00:00,2022-02-20 17:59:58+00:00,46.25,0.7708,28.96832,-90.01584,21.1,257.1,,28.96957,-89.99656,11.6,57,58,SHORT_GAP
338173000,2022-02-20 21:36:24+00:00,2022-02-21 00:57:16+00:00,200.8667,3.3478,28.96848,-90.02651,19.9,237.2,,28.96986,-90.01425,11.7,58,59,SIGNIFICANT_GAP
338173000,2022-02-21 01:10:41+00:00,2022-02-21 10:40:55+00:00,570.2333,9.5039,29.03845,-89.98608,21.2,22.9,,29.04079,-89.97948,19.1,59,60,LONG_GAP
338173000,2022-02-21 10:55:31+00:00,2022-02-21 16:18:51+00:00,323.3333,5.3889,28.9699,-90.01819,19.0,203.5,,28.97078,-90.01687,18.3,60,61,SIGNIFICANT_GAP
338173000,2022-02-21 16:32:57+00:00,2022-02-21 22:12:13+00:00,339.2667,5.6544,29.03996,-89.9892,19.8,21.2,,29.03017,-89.95158,20.1,61,62,SIGNIFICANT_GAP
338173000,2022-02-21 22:42:26+00:00,2022-02-22 16:48:56+00:00,1086.5,18.1083,28.9703,-90.01071,15.6,221.0,,28.97356,-90.02704,13.5,62,63,LONG_GAP
338173000,2022-02-22 19:52:28+00:00,2022-02-22 20:07:39+00:00,15.1833,0.2531,28.99447,-89.96754,0.0,32.0,,28.99448,-89.96751,0.0,63,64,SHORT_GAP
338173000,2022-02-22 22:51:42+00:00,2022-02-22 23:48:40+00:00,56.9667,0.9494,28.96931,-90.00453,20.6,219.1,,28.97411,-90.01719,18.6,64,65,SHORT_GAP
338173000,2022-02-23 00:03:34+00:00,2022-02-23 12:29:48+00:00,746.2333,12.4372,29.03933,-89.99159,20.8,17.7,,29.03782,-89.98799,19.0,65,66,LONG_GAP
338173000,2022-02-23 12:43:36+00:00,2022-02-23 14:59:26+00:00,135.8333,2.2639,28.9683,-90.0201,19.9,201.6,,28.97111,-90.00649,21.4,66,67,SIGNIFICANT_GAP
338173000,2022-02-23 16:15:42+00:00,2022-02-23 17:31:18+00:00,75.6,1.26,28.97026,-90.0141,19.8,210.0,,28.96989,-89.99448,21.8,67,68,SIGNIFICANT_GAP
338173000,2022-02-23 18:48:56+00:00,2022-02-23 21:37:40+00:00,168.7333,2.8122,28.97445,-90.01503,20.0,182.3,,28.97137,-89.99612,22.3,68,69,SIGNIFICANT_GAP
338173000,2022-02-23 21:49:01+00:00,2022-02-24 02:37:46+00:00,288.75,4.8125,28.99965,-89.95251,20.5,89.8,,28.99825,-89.95028,18.1,69,70,SIGNIFICANT_GAP
338173000,2022-02-24 03:00:09+00:00,2022-02-24 06:11:44+00:00,191.5833,3.1931,28.96948,-89.99872,11.1,229.5,,28.97455,-90.00741,12.2,70,71,SIGNIFICANT_GAP
338173000,2022-02-24 07:08:24+00:00,2022-02-24 07:32:59+00:00,24.5833,0.4097,28.99434,-89.96745,0.0,235.3,,29.0021,-89.96672,9.1,71,72,SHORT_GAP
338173000,2022-02-24 07:43:26+00:00,2022-02-24 13:40:00+00:00,356.5667,5.9428,29.04251,-89.95946,21.7,11.5,,29.02411,-89.95031,20.9,72,73,SIGNIFICANT_GAP
338173000,2022-02-24 14:05:41+00:00,2022-02-24 14:41:24+00:00,35.7167,0.5953,28.97008,-89.99084,20.9,221.6,,28.9733,-90.02127,23.5,73,74,SHORT_GAP
338173000,2022-02-24 14:53:13+00:00,2022-02-24 17:18:02+00:00,144.8167,2.4136,29.04091,-89.97996,23.3,24.3,,29.04275,-89.9849,21.1,74,75,SIGNIFICANT_GAP
338173000,2022-02-24 17:31:37+00:00,2022-02-25 15:19:23+00:00,1307.7667,21.7961,28.96958,-90.02264,21.3,205.8,,28.98075,-89.97766,1.1,75,76,LONG_GAP
338173000,2022-02-25 16:10:15+00:00,2022-02-25 18:11:22+00:00,121.1167,2.0186,28.9689,-89.99628,11.1,227.9,,28.9689,-90.01276,19.2,76,77,SIGNIFICANT_GAP
338173000,2022-02-25 18:52:18+00:00,2022-02-26 13:50:47+00:00,1138.4833,18.9747,28.97073,-90.00307,13.5,231.1,,28.96901,-90.00706,16.0,77,78,LONG_GAP
338173000,2022-02-26 14:31:29+00:00,2022-02-26 16:02:12+00:00,90.7167,1.5119,28.99417,-89.9524,17.7,86.9,,28.96912,-89.95553,22.5,78,79,SIGNIFICANT_GAP
338173000,2022-02-26 16:02:12+00:00,2022-02-26 19:13:15+00:00,191.05,3.1842,28.96912,-89.95553,22.5,247.9,,28.97032,-90.00428,10.3,79,80,SIGNIFICANT_GAP
338173000,2022-02-26 19:53:25+00:00,2022-02-26 21:04:27+00:00,71.0333,1.1839,28.96908,-90.00495,22.4,223.0,,28.96891,-90.01065,12.7,80,81,SIGNIFICANT_GAP
338173000,2022-02-26 21:28:30+00:00,2022-02-26 22:41:19+00:00,72.8167,1.2136,28.96815,-90.00885,19.9,231.0,,28.96947,-90.00501,10.3,81,82,SIGNIFICANT_GAP
338173000,2022-02-26 23:10:00+00:00,2022-02-27 01:29:28+00:00,139.4667,2.3244,28.96962,-90.00641,15.4,230.7,,28.9683,-89.99772,10.5,82,83,SIGNIFICANT_GAP
338173000,2022-02-27 05:41:10+00:00,2022-02-27 06:11:05+00:00,29.9167,0.4986,28.99391,-89.96798,0.1,1.3,,28.99393,-89.96799,0.0,83,84,SHORT_GAP
338173000,2022-02-27 11:06:46+00:00,2022-02-27 17:07:46+00:00,361.0,6.0167,28.99603,-89.95039,14.8,89.7,,28.97135,-89.95149,15.5,84,85,LONG_GAP
338173000,2022-02-27 17:08:52+00:00,2022-02-27 21:41:52+00:00,273.0,4.55,28.96837,-89.9557,15.5,247.6,,28.97217,-89.99281,16.3,85,86,SIGNIFICANT_GAP
338173000,2022-02-27 22:49:07+00:00,2022-02-27 23:42:42+00:00,53.5833,0.8931,28.96826,-89.99597,13.9,227.0,,28.99442,-89.96669,1.4,86,87,SHORT_GAP
338173000,2022-02-28 00:27:27+00:00,2022-02-28 16:13:18+00:00,945.85,15.7642,28.96972,-89.99604,9.8,229.9,,28.96857,-90.00293,11.6,87,88,LONG_GAP
338173000,2022-02-28 16:28:32+00:00,2022-02-28 16:55:30+00:00,26.9667,0.4494,28.96999,-90.00532,13.6,220.3,,28.97082,-90.00222,17.4,88,89,SHORT_GAP
338173000,2022-02-28 17:17:31+00:00,2022-02-28 18:51:04+00:00,93.55,1.5592,28.99268,-89.95094,19.1,82.7,,28.96989,-90.00215,8.4,89,90,SIGNIFICANT_GAP
338173000,2022-02-28 19:32:32+00:00,2022-02-28 20:05:23+00:00,32.85,0.5475,28.96997,-89.99471,19.7,235.9,,28.97174,-90.00784,18.9,90,91,SHORT_GAP
338173000,2022-02-28 20:36:14+00:00,2022-02-28 22:20:39+00:00,104.4167,1.7403,28.97837,-89.98786,19.3,224.6,,28.97197,-89.99109,19.6,91,92,SIGNIFICANT_GAP
338173000,2022-02-28 22:44:59+00:00,2022-03-01 17:54:25+00:00,1149.4333,19.1572,28.96995,-89.99693,19.9,230.0,,28.9683,-90.00198,7.4,92,93,LONG_GAP
338173000,2022-03-01 18:06:58+00:00,2022-03-01 21:38:34+00:00,211.6,3.5267,28.96926,-90.00493,17.2,230.3,,28.96935,-90.00034,4.4,93,94,SIGNIFICANT_GAP
338173000,2022-03-01 21:41:10+00:00,2022-03-02 01:18:44+00:00,217.5667,3.6261,28.96956,-89.99963,3.4,100.8,,28.97163,-89.99378,14.9,94,95,SIGNIFICANT_GAP
338173000,2022-03-02 11:14:22+00:00,2022-03-02 14:09:48+00:00,175.4333,2.9239,28.96965,-89.98653,14.7,236.1,,28.96911,-90.00122,6.2,95,96,SIGNIFICANT_GAP
338173000,2022-03-02 15:44:13+00:00,2022-03-02 16:59:16+00:00,75.05,1.2508,28.96941,-90.00076,3.0,215.9,,28.96866,-90.00171,7.7,96,97,SIGNIFICANT_GAP
338173000,2022-03-02 17:19:02+00:00,2022-03-02 17:38:11+00:00,19.15,0.3192,28.96956,-90.00693,1.3,247.2,,28.96862,-90.00279,6.3,97,98,SHORT_GAP
338173000,2022-03-02 17:38:11+00:00,2022-03-02 18:03:51+00:00,25.6667,0.4278,28.96862,-90.00279,6.3,102.5,,28.96961,-90.00096,0.0,98,99,SHORT_GAP
338173000,2022-03-02 18:03:51+00:00,2022-03-02 18:22:22+00:00,18.5167,0.3086,28.96961,-90.00096,0.0,332.8,,28.96964,-90.00098,0.0,99,100,SHORT_GAP
338173000,2022-03-02 19:10:38+00:00,2022-03-02 20:19:46+00:00,69.1333,1.1522,28.96839,-90.00773,20.2,240.7,,28.97063,-89.97243,18.9,100,101,SIGNIFICANT_GAP
338173000,2022-03-02 21:01:07+00:00,2022-03-02 21:47:43+00:00,46.6,0.7767,28.96839,-89.99514,18.1,237.8,,28.96824,-90.00502,2.5,101,102,SHORT_GAP
338173000,2022-03-02 22:05:49+00:00,2022-03-02 23:07:23+00:00,61.5667,1.0261,28.96897,-90.00565,11.6,241.1,,28.96835,-89.99302,20.1,102,103,SIGNIFICANT_GAP
338173000,2022-03-02 23:14:12+00:00,2022-03-03 03:40:25+00:00,266.2167,4.4369,28.97912,-89.95146,20.1,79.8,,28.99781,-89.95429,13.6,103,104,SIGNIFICANT_GAP
338173000,2022-03-03 11:10:01+00:00,2022-03-03 18:03:03+00:00,413.0333,6.8839,28.96975,-89.99653,15.5,228.2,,28.9703,-90.00142,18.7,104,105,LONG_GAP
338173000,2022-03-03 18:35:58+00:00,2022-03-03 19:06:00+00:00,30.0333,0.5006,28.96993,-90.00116,5.0,244.4,,28.97835,-89.98269,13.4,105,106,SHORT_GAP
338173000,2022-03-03 19:06:00+00:00,2022-03-03 19:33:28+00:00,27.4667,0.4578,28.97835,-89.98269,13.4,60.6,,28.99825,-89.95758,3.0,106,107,SHORT_GAP
338173000,2022-03-03 20:55:07+00:00,2022-03-03 22:53:23+00:00,118.2667,1.9711,28.96889,-90.00407,18.8,237.1,,28.96862,-89.99328,16.4,107,108,SIGNIFICANT_GAP
338173000,2022-03-03 23:23:38+00:00,2022-03-03 23:55:46+00:00,32.1333,0.5356,28.96971,-90.00192,13.1,266.5,,28.96902,-89.97093,19.2,108,109,SHORT_GAP
338173000,2022-03-03 23:58:27+00:00,2022-03-04 09:19:26+00:00,560.9833,9.3497,28.97421,-89.95551,19.3,71.2,,28.97185,-89.95314,16.9,109,110,LONG_GAP
338173000,2022-03-04 09:21:37+00:00,2022-03-04 13:21:34+00:00,239.95,3.9992,28.96818,-89.96421,17.1,253.5,,28.96807,-89.99641,20.3,110,111,SIGNIFICANT_GAP
338173000,2022-03-04 14:23:53+00:00,2022-03-04 15:24:31+00:00,60.6333,1.0106,28.97044,-89.99534,15.1,240.2,,28.97077,-90.00107,15.1,111,112,SIGNIFICANT_GAP
338173000,2022-03-04 16:00:10+00:00,2022-03-04 18:05:57+00:00,125.7833,2.0964,28.9698,-90.003,16.2,231.0,,28.9713,-90.00212,16.3,112,113,SIGNIFICANT_GAP
338173000,2022-03-04 18:18:20+00:00,2022-03-04 18:50:12+00:00,31.8667,0.5311,28.9936,-89.96762,0.0,350.7,,28.97389,-89.95472,0.0,113,114,SHORT_GAP
338173000,2022-03-04 18:50:12+00:00,2022-03-04 19:15:27+00:00,25.25,0.4208,28.97389,-89.95472,0.0,17.2,,28.99372,-89.96791,3.2,114,115,SHORT_GAP
338173000,2022-03-04 19:39:53+00:00,2022-03-04 20:21:07+00:00,41.2333,0.6872,28.96962,-90.01106,15.5,219.1,,28.96835,-89.99772,16.0,115,116,SHORT_GAP
338173000,2022-03-04 22:18:10+00:00,2022-03-04 23:02:55+00:00,44.75,0.7458,28.96953,-90.00008,17.4,235.1,,28.97098,-89.994,17.4,116,117,SHORT_GAP
338173000,2022-03-05 02:30:37+00:00,2022-03-05 02:55:43+00:00,25.1,0.4183,28.96873,-90.00736,20.6,226.8,,28.96932,-89.99729,16.7,117,118,SHORT_GAP
338173000,2022-03-05 03:28:24+00:00,2022-03-05 04:18:28+00:00,50.0667,0.8344,28.96847,-89.99747,21.2,233.6,,28.98183,-89.98522,17.1,118,119,SHORT_GAP
338173000,2022-03-05 12:54:46+00:00,2022-03-05 13:35:57+00:00,41.1833,0.6864,28.96837,-90.0063,17.6,229.2,,28.969,-90.00911,17.4,119,120,SHORT_GAP
338173000,2022-03-05 14:43:38+00:00,2022-03-05 16:53:02+00:00,129.4,2.1567,28.97149,-89.99586,21.0,226.1,,28.97925,-90.03918,15.2,120,121,SIGNIFICANT_GAP
338173000,2022-03-05 16:56:13+00:00,2022-03-05 18:10:01+00:00,73.8,1.23,28.96991,-90.02822,14.9,137.5,,28.96804,-90.00727,15.0,121,122,SIGNIFICANT_GAP
338173000,2022-03-05 18:46:40+00:00,2022-03-05 21:55:05+00:00,188.4167,3.1403,28.97076,-90.0058,19.0,229.2,,28.96873,-90.00425,14.3,122,123,SIGNIFICANT_GAP
338173000,2022-03-05 23:28:09+00:00,2022-03-05 23:54:15+00:00,26.1,0.435,28.97092,-90.01883,16.6,215.1,,28.96847,-89.998,15.7,123,124,SHORT_GAP
338173000,2022-03-06 01:03:29+00:00,2022-03-06 01:38:59+00:00,35.5,0.5917,28.96914,-89.99789,20.8,228.3,,28.9692,-89.9967,14.6,124,125,SHORT_GAP
338173000,2022-03-06 02:10:47+00:00,2022-03-06 02:38:13+00:00,27.4333,0.4572,28.97042,-89.99434,17.5,228.8,,28.96872,-89.99808,16.4,125,126,SHORT_GAP
338173000,2022-03-06 05:45:38+00:00,2022-03-06 07:15:54+00:00,90.2667,1.5044,28.99427,-89.96781,0.0,73.7,,28.99415,-89.96778,0.0,126,127,SIGNIFICANT_GAP
338173000,2022-03-06 12:11:38+00:00,2022-03-06 12:45:34+00:00,33.9333,0.5656,28.96903,-90.00562,20.8,231.0,,28.96904,-90.01029,18.7,127,128,SHORT_GAP
338173000,2022-03-06 13:11:38+00:00,2022-03-06 13:42:44+00:00,31.1,0.5183,28.97156,-90.00345,20.8,230.6,,28.97017,-89.97501,18.0,128,129,SHORT_GAP
338173000,2022-03-06 13:46:27+00:00,2022-03-06 17:37:16+00:00,230.8167,3.8469,28.97726,-89.95539,18.0,75.9,,28.96908,-90.01355,14.6,129,130,SIGNIFICANT_GAP
338173000,2022-03-06 18:36:19+00:00,2022-03-06 18:54:28+00:00,18.15,0.3025,28.97113,-90.01758,18.8,221.9,,28.96967,-90.01267,16.4,130,131,SHORT_GAP
338173000,2022-03-06 20:43:00+00:00,2022-03-06 21:05:04+00:00,22.0667,0.3678,28.97172,-90.02006,17.4,217.8,,28.96941,-89.99914,16.4,131,132,SHORT_GAP
338173000,2022-03-06 21:40:31+00:00,2022-03-06 23:16:03+00:00,95.5333,1.5922,28.97038,-90.00841,17.1,226.2,,28.97028,-89.99547,16.2,132,133,SIGNIFICANT_GAP
338173000,2022-03-06 23:50:02+00:00,2022-03-07 00:17:04+00:00,27.0333,0.4506,28.97048,-90.00293,17.9,223.8,,28.97173,-89.99531,19.1,133,134,SHORT_GAP
338173000,2022-03-07 03:14:06+00:00,2022-03-07 04:01:10+00:00,47.0667,0.7844,28.96993,-89.99823,17.7,235.2,,28.96819,-89.99771,16.4,134,135,SHORT_GAP
338173000,2022-03-07 06:54:33+00:00,2022-03-07 07:26:41+00:00,32.1333,0.5356,28.99435,-89.96774,0.0,291.3,,28.99437,-89.96774,0.0,135,136,SHORT_GAP
338173000,2022-03-07 13:19:10+00:00,2022-03-07 15:24:31+00:00,125.35,2.0892,28.96984,-90.00615,10.5,227.7,,28.96979,-90.00757,14.1,136,137,SIGNIFICANT_GAP
338173000,2022-03-07 15:50:19+00:00,2022-03-07 16:30:03+00:00,39.7333,0.6622,28.99651,-89.95175,17.2,81.8,,29.00079,-89.95107,19.9,137,138,SHORT_GAP
338173000,2022-03-07 16:44:21+00:00,2022-03-07 22:06:29+00:00,322.1333,5.3689,28.96917,-89.99953,19.4,232.2,,28.96923,-90.0098,17.2,138,139,SIGNIFICANT_GAP
338173000,2022-03-07 23:37:45+00:00,2022-03-08 00:01:13+00:00,23.4667,0.3911,28.97108,-89.99679,19.8,221.8,,28.96934,-90.00335,19.2,139,140,SHORT_GAP
338173000,2022-03-08 01:55:28+00:00,2022-03-08 03:22:51+00:00,87.3833,1.4564,28.9925,-89.95475,16.7,106.2,,28.99126,-89.95061,11.7,140,141,SIGNIFICANT_GAP
338173000,2022-03-08 07:34:55+00:00,2022-03-08 07:50:18+00:00,15.3833,0.2564,28.9939,-89.968,0.5,35.2,,28.99394,-89.96809,0.0,141,142,SHORT_GAP
338173000,2022-03-08 12:24:05+00:00,2022-03-08 13:26:23+00:00,62.3,1.0383,28.97147,-89.99408,18.3,229.8,,28.969,-90.00921,15.4,142,143,SIGNIFICANT_GAP
338173000,2022-03-08 14:05:36+00:00,2022-03-08 14:32:37+00:00,27.0167,0.4503,28.97004,-89.99893,20.5,223.7,,28.96902,-89.96809,18.4,143,144,SHORT_GAP
338173000,2022-03-08 14:35:07+00:00,2022-03-08 19:14:49+00:00,279.7,4.6617,28.97467,-89.95512,17.7,68.5,,28.99708,-89.9532,14.9,144,145,SIGNIFICANT_GAP
338173000,2022-03-08 19:30:29+00:00,2022-03-08 20:28:24+00:00,57.9167,0.9653,28.96816,-89.98755,19.8,225.6,,28.96871,-89.9981,15.5,145,146,SHORT_GAP
338173000,2022-03-08 20:30:36+00:00,2022-03-08 21:14:10+00:00,43.5667,0.7261,28.97057,-89.99162,14.7,217.2,,28.97001,-89.9991,19.2,146,147,SHORT_GAP
338173000,2022-03-08 21:27:54+00:00,2022-03-09 11:45:05+00:00,857.1833,14.2864,28.99896,-89.95279,17.6,94.3,,29.04107,-90.01226,16.2,147,148,LONG_GAP
338173000,2022-03-09 11:51:40+00:00,2022-03-23 19:01:24+00:00,20589.7333,343.1622,29.0218,-90.03808,16.6,230.0,,29.03043,-90.03404,18.9,148,149,LONG_GAP
338173000,2022-03-23 19:08:12+00:00,2022-03-24 02:59:19+00:00,471.1167,7.8519,29.04223,-89.99489,20.4,75.4,,29.04223,-89.9822,18.0,149,150,LONG_GAP
338173000,2022-03-24 03:14:29+00:00,2022-03-24 05:30:03+00:00,135.5667,2.2594,28.96965,-90.01836,18.4,204.3,,28.97341,-90.01541,18.9,150,151,SIGNIFICANT_GAP
338173000,2022-03-24 05:44:22+00:00,2022-03-24 12:48:58+00:00,424.6,7.0767,29.04304,-89.9799,17.7,22.4,,28.99849,-89.95866,1.1,151,152,LONG_GAP
338173000,2022-03-24 12:48:58+00:00,2022-03-24 13:35:11+00:00,46.2167,0.7703,28.99849,-89.95866,1.1,268.5,,28.97068,-90.01836,18.7,152,153,SHORT_GAP
338173000,2022-03-24 13:49:41+00:00,2022-03-25 15:11:44+00:00,1522.05,25.3675,29.0405,-89.98028,19.2,28.7,,28.969,-90.00933,16.5,153,154,LONG_GAP
338173000,2022-03-25 15:55:30+00:00,2022-03-25 18:41:46+00:00,166.2667,2.7711,28.97207,-89.98789,18.4,232.7,,28.96867,-89.99661,18.0,154,155,SIGNIFICANT_GAP
338173000,2022-03-25 19:17:27+00:00,2022-03-25 20:40:32+00:00,83.0833,1.3847,28.97006,-90.00249,17.6,240.4,,28.97285,-89.98778,19.1,155,156,SIGNIFICANT_GAP
338173000,2022-03-26 00:42:46+00:00,2022-03-26 01:05:57+00:00,23.1833,0.3864,28.96805,-89.9981,19.2,234.8,,28.97931,-90.0196,19.2,156,157,SHORT_GAP
338633000,2022-02-10 09:26:12+00:00,2022-02-14 22:57:11+00:00,6570.9833,109.5164,29.0217,-89.95412,12.3,108.1,111.0,29.02431,-89.95122,11.0,0,1,LONG_GAP
338633000,2022-02-14 23:21:02+00:00,2022-02-15 03:54:32+00:00,273.5,4.5583,29.03331,-90.03405,10.7,268.9,267.0,29.02605,-90.03643,12.4,1,2,SIGNIFICANT_GAP
338633000,2022-02-15 04:16:32+00:00,2022-02-18 00:18:02+00:00,4081.5,68.025,29.01877,-89.95156,12.0,95.9,97.0,29.03128,-89.95021,10.6,2,3,LONG_GAP
338633000,2022-02-18 00:41:11+00:00,2022-02-18 05:24:41+00:00,283.5,4.725,29.03069,-90.02833,10.6,266.6,263.0,29.02978,-90.03674,11.9,3,4,SIGNIFICANT_GAP
338633000,2022-02-18 05:46:52+00:00,2022-02-21 21:49:52+00:00,5283.0,88.05,29.02927,-89.95251,11.9,90.3,92.0,29.03217,-89.95195,11.2,4,5,LONG_GAP
338633000,2022-02-21 22:12:51+00:00,2022-02-22 15:13:51+00:00,1021.0,17.0167,29.03302,-90.03395,11.2,268.7,266.0,29.03331,-90.00341,9.3,5,6,LONG_GAP
338633000,2022-02-22 15:31:10+00:00,2022-02-23 01:02:11+00:00,571.0167,9.5169,29.03492,-89.95095,9.5,87.1,94.0,29.03036,-89.94987,12.5,6,7,LONG_GAP
338633000,2022-02-23 01:23:51+00:00,2022-02-23 17:34:48+00:00,970.95,16.1825,29.02907,-90.03709,12.9,267.7,268.0,29.02855,-90.03672,10.9,7,8,LONG_GAP
338633000,2022-02-23 18:00:08+00:00,2022-02-25 18:40:37+00:00,2920.4833,48.6747,29.0333,-89.95406,10.7,87.7,94.0,29.02569,-89.95437,12.2,8,9,LONG_GAP
338663000,2022-01-11 22:58:57+00:00,2022-01-13 23:02:01+00:00,2883.0667,48.0511,28.97419,-90.03805,7.3,285.6,280.0,28.97442,-90.03791,7.6,0,1,LONG_GAP
338663000,2022-01-13 23:15:00+00:00,2022-01-21 10:45:07+00:00,10770.1167,179.5019,28.96821,-90.00711,7.6,104.5,106.0,28.96844,-90.02359,5.2,1,2,LONG_GAP
338663000,2022-01-21 10:55:07+00:00,2022-01-24 10:12:59+00:00,4277.8667,71.2978,28.97471,-90.03839,4.9,324.0,331.0,28.9753,-90.03922,7.7,2,3,LONG_GAP
338663000,2022-01-24 10:20:10+00:00,2022-01-27 01:06:21+00:00,3766.1833,62.7697,28.96953,-90.02303,7.6,117.3,118.0,28.97411,-90.0371,5.7,3,4,LONG_GAP
338663000,2022-01-27 01:17:51+00:00,2022-02-12 23:36:23+00:00,24378.5333,406.3089,28.96888,-90.01704,5.7,106.3,105.0,28.96832,-89.97583,7.4,4,5,LONG_GAP
338663000,2022-02-13 00:05:54+00:00,2022-03-20 10:26:08+00:00,51020.2333,850.3372,28.99487,-90.0386,7.5,295.8,292.0,28.96804,-90.02555,7.9,5,6,LONG_GAP
366515000,2022-01-12 02:34:31+00:00,2022-02-25 00:44:36+00:00,63250.0833,1054.1681,28.96828,-89.97912,8.9,110.5,109.0,28.96911,-90.03305,9.5,0,1,LONG_GAP
366515000,2022-02-25 00:44:36+00:00,2022-02-26 15:17:55+00:00,2313.3167,38.5553,28.96911,-90.03305,9.5,98.6,103.0,28.96838,-90.02813,11.1,1,2,LONG_GAP
366816890,2022-01-13 09:26:04+00:00,2022-01-15 16:03:30+00:00,3277.4333,54.6239,29.03736,-90.0383,8.9,264.6,,29.02803,-89.95525,9.1,0,1,LONG_GAP
366816890,2022-01-15 16:21:21+00:00,2022-01-17 21:32:12+00:00,3190.85,53.1808,29.0354,-90.00568,8.9,278.9,,29.01902,-90.03878,8.4,1,2,LONG_GAP
366816890,2022-01-17 22:05:43+00:00,2022-01-18 15:50:13+00:00,1064.5,17.7417,29.01661,-89.94982,8.4,94.2,,28.97234,-89.95171,8.4,2,3,LONG_GAP
366866280,2022-02-06 03:03:28+00:00,2022-02-06 10:47:04+00:00,463.6,7.7267,29.03486,-90.02096,20.2,20.8,,29.01216,-90.02908,17.5,0,1,LONG_GAP
366866280,2022-02-06 10:47:04+00:00,2022-02-10 16:20:45+00:00,6093.6833,101.5614,29.01216,-90.02908,17.5,273.6,,29.03727,-90.03151,18.2,1,2,LONG_GAP
366866280,2022-02-10 16:23:45+00:00,2022-02-11 10:07:57+00:00,1064.2,17.7367,29.02328,-90.03777,18.3,186.3,,28.98609,-90.02965,17.8,2,3,LONG_GAP
366866280,2022-02-11 10:07:57+00:00,2022-02-15 23:11:03+00:00,6543.1,109.0517,28.98609,-90.02965,17.8,220.0,,28.99459,-90.03837,20.1,3,4,LONG_GAP
366866280,2022-02-15 23:20:21+00:00,2022-02-20 12:10:53+00:00,6530.5333,108.8422,29.04202,-90.01189,20.5,27.0,,29.03867,-90.0197,17.4,4,5,LONG_GAP
366866280,2022-02-20 12:17:35+00:00,2022-02-20 22:28:12+00:00,610.6167,10.1769,29.00925,-90.03512,17.5,197.6,,29.04298,-90.00974,19.7,5,6,LONG_GAP
366866280,2022-02-20 22:28:12+00:00,2022-03-01 07:37:34+00:00,12069.3667,201.1561,29.04298,-90.00974,19.7,24.4,,28.99233,-90.0374,19.8,6,7,LONG_GAP
366866280,2022-03-01 07:47:16+00:00,2022-03-01 11:02:55+00:00,195.65,3.2608,29.04062,-90.01188,19.6,22.6,,29.03745,-90.01517,19.6,7,8,SIGNIFICANT_GAP
366866280,2022-03-01 11:11:13+00:00,2022-03-02 06:08:10+00:00,1136.95,18.9492,28.99663,-90.03782,19.9,197.2,,29.00806,-90.03774,19.8,8,9,LONG_GAP
366866280,2022-03-02 06:14:04+00:00,2022-03-03 08:57:09+00:00,1603.0833,26.7181,29.03671,-90.0204,19.9,35.0,,29.03864,-90.01808,19.0,9,10,LONG_GAP
366866280,2022-03-03 09:03:28+00:00,2022-03-03 17:43:21+00:00,519.8833,8.6647,29.00877,-90.03521,19.3,212.2,,29.02522,-90.03497,18.9,10,11,LONG_GAP
366866280,2022-03-03 17:45:27+00:00,2022-03-12 01:15:41+00:00,11970.2333,199.5039,29.03523,-90.02994,19.1,28.8,,29.02527,-90.02433,18.2,11,12,LONG_GAP
366866280,2022-03-12 01:19:47+00:00,2022-03-16 04:28:33+00:00,5948.7667,99.1461,29.0427,-90.0131,17.8,32.9,,29.02656,-90.03666,18.2,12,13,LONG_GAP
366866280,2022-03-16 04:31:33+00:00,2022-03-19 03:50:48+00:00,4279.25,71.3208,29.03992,-90.02907,18.1,18.4,,28.99258,-90.03813,17.8,13,14,LONG_GAP
366866280,2022-03-19 04:02:12+00:00,2022-03-29 02:29:55+00:00,14307.7167,238.4619,29.04093,-90.00968,17.8,21.0,,29.04022,-90.0283,18.8,14,15,LONG_GAP
366866280,2022-03-29 02:29:55+00:00,2022-03-29 18:47:49+00:00,977.9,16.2983,29.04022,-90.0283,18.8,23.4,,29.03419,-90.0383,19.2,15,16,LONG_GAP
366911650,2022-01-13 09:17:31+00:00,2022-01-15 22:13:41+00:00,3656.1667,60.9361,28.969,-89.97857,10.5,119.8,,29.02122,-89.95794,10.6,0,1,LONG_GAP
366911650,2022-01-15 22:39:11+00:00,2022-02-07 21:25:35+00:00,33046.4,550.7733,29.03793,-90.03852,10.3,278.4,,28.98303,-90.02876,10.9,1,2,LONG_GAP
366911650,2022-02-07 21:40:55+00:00,2022-02-09 23:11:03+00:00,2970.1333,49.5022,28.97067,-89.97801,10.8,110.3,,28.99761,-89.9826,11.8,2,3,LONG_GAP
366911650,2022-02-09 23:11:03+00:00,2022-02-10 16:21:10+00:00,1030.1167,17.1686,28.99761,-89.9826,11.8,309.7,,28.96836,-90.03733,10.7,3,4,LONG_GAP
366911650,2022-02-10 16:21:10+00:00,2022-02-26 13:47:32+00:00,22886.3667,381.4394,28.96836,-90.03733,10.7,107.5,,28.97001,-90.01674,11.1,4,5,LONG_GAP
366911650,2022-02-26 13:53:41+00:00,2022-03-12 11:06:29+00:00,19992.8,333.2133,28.97464,-90.03787,11.4,290.8,,29.03083,-89.95052,7.7,5,6,LONG_GAP
366914750,2022-03-24 22:46:04+00:00,2022-03-25 10:50:50+00:00,724.7667,12.0794,29.02683,-90.03691,18.5,278.4,,29.03378,-90.0391,18.3,0,1,LONG_GAP
366970330,2022-01-04 02:16:35+00:00,2022-01-20 22:07:24+00:00,24230.8167,403.8469,28.96908,-89.97481,9.2,106.7,,28.976,-89.95497,10.1,0,1,LONG_GAP
366977710,2022-02-23 15:47:10+00:00,2022-02-24 10:53:57+00:00,1146.7833,19.1131,28.98801,-89.95133,9.8,104.0,,28.98644,-89.95022,11.5,0,1,LONG_GAP
366983730,2022-01-01 00:18:08+00:00,2022-01-01 13:13:43+00:00,775.5833,12.9264,28.98445,-89.95097,18.8,109.2,,28.99282,-89.9542,20.6,0,1,LONG_GAP
366983730,2022-01-01 13:26:48+00:00,2022-03-29 13:42:23+00:00,125295.5833,2088.2597,29.0137,-90.03517,19.2,292.1,,29.0037,-90.0336,22.1,1,2,LONG_GAP
366983730,2022-03-29 13:54:59+00:00,2022-03-29 21:57:34+00:00,482.5833,8.0431,28.98253,-89.95532,22.6,107.4,,28.98875,-89.95193,22.1,2,3,LONG_GAP
366987890,2021-12-31 06:28:42+00:00,2022-01-02 02:50:42+00:00,2662.0,44.3667,28.98193,-89.95047,9.8,98.3,,28.98216,-89.95276,10.7,0,1,LONG_GAP
366987890,2022-01-02 03:16:11+00:00,2022-01-07 05:51:01+00:00,7354.8333,122.5806,29.00487,-90.0385,10.4,291.0,,29.00842,-90.0385,10.3,1,2,LONG_GAP
366987890,2022-01-07 06:18:52+00:00,2022-01-09 04:52:05+00:00,2793.2167,46.5536,28.98414,-89.95277,9.8,111.2,,28.98356,-89.9506,11.6,2,3,LONG_GAP
366987890,2022-01-09 05:17:55+00:00,2022-01-14 08:17:09+00:00,7379.2333,122.9872,29.00642,-90.03676,11.4,287.8,,29.00303,-90.03696,10.7,3,4,LONG_GAP
366987890,2022-01-14 08:44:28+00:00,2022-01-16 05:24:09+00:00,2679.6833,44.6614,28.98037,-89.95028,10.2,105.7,,28.98561,-89.95007,5.5,4,5,LONG_GAP
366987890,2022-01-16 06:06:38+00:00,2022-01-22 20:39:54+00:00,9513.2667,158.5544,29.00491,-90.03861,7.1,288.8,,29.00512,-90.03301,10.3,5,6,LONG_GAP
366987890,2022-01-22 20:59:25+00:00,2022-01-28 05:53:46+00:00,7734.35,128.9058,28.98735,-89.97167,10.4,111.7,,29.00564,-90.03588,10.0,6,7,LONG_GAP
366987890,2022-01-28 06:21:45+00:00,2022-01-31 06:50:16+00:00,4348.5167,72.4753,28.98039,-89.95297,9.6,110.2,,28.99418,-89.99693,10.8,7,8,LONG_GAP
366987890,2022-01-31 07:00:16+00:00,2022-02-05 11:48:15+00:00,7487.9833,124.7997,29.0041,-90.02914,10.7,289.6,,29.00615,-90.03747,9.8,8,9,LONG_GAP
366987890,2022-02-05 12:17:36+00:00,2022-02-08 02:48:14+00:00,3750.6333,62.5106,28.97899,-89.95104,9.5,118.0,,28.9796,-89.95305,10.7,9,10,LONG_GAP
366987890,2022-02-08 02:48:14+00:00,2022-02-08 03:03:35+00:00,15.35,0.2558,28.9796,-89.95305,10.7,290.3,,28.99347,-90.002,10.6,10,11,SHORT_GAP
366987890,2022-02-08 03:14:15+00:00,2022-02-11 05:56:56+00:00,4482.6833,74.7114,29.00644,-90.03419,10.5,285.6,,29.00794,-90.03914,10.1,11,12,LONG_GAP
366987890,2022-02-11 06:27:14+00:00,2022-02-13 05:20:56+00:00,2813.7,46.895,28.97684,-89.95073,9.8,106.9,,28.98015,-89.95348,10.3,12,13,LONG_GAP
366987890,2022-02-13 05:48:46+00:00,2022-02-20 05:30:56+00:00,10062.1667,167.7028,29.0031,-90.03836,9.9,284.9,,29.01377,-90.0368,10.1,13,14,LONG_GAP
366987890,2022-02-20 06:01:45+00:00,2022-02-22 09:57:16+00:00,3115.5167,51.9253,28.98229,-89.95043,9.6,112.4,,28.98166,-89.95303,11.3,14,15,LONG_GAP
366987890,2022-02-22 10:21:46+00:00,2022-02-26 05:01:21+00:00,5439.5833,90.6597,29.00344,-90.03581,10.9,283.3,,29.0066,-90.03736,9.2,15,16,LONG_GAP
366987890,2022-02-26 05:32:30+00:00,2022-02-28 05:12:09+00:00,2859.65,47.6608,28.97975,-89.95219,8.8,110.5,,28.97956,-89.95387,11.3,16,17,LONG_GAP
366987890,2022-02-28 05:36:09+00:00,2022-03-04 06:06:41+00:00,5790.5333,96.5089,29.00341,-90.03512,11.2,286.2,,29.0086,-90.03824,9.9,17,18,LONG_GAP
366987890,2022-03-04 06:36:21+00:00,2022-03-05 08:24:12+00:00,1547.85,25.7975,28.98117,-89.9501,9.9,107.4,,28.98305,-89.95291,11.8,18,19,LONG_GAP
366987890,2022-03-05 08:48:02+00:00,2022-03-11 06:34:51+00:00,8506.8167,141.7803,29.00406,-90.03769,11.6,285.2,,29.00325,-90.03847,9.9,19,20,LONG_GAP
366987890,2022-03-11 07:03:31+00:00,2022-03-12 15:35:22+00:00,1951.85,32.5308,28.97757,-89.95134,10.1,104.7,,28.97766,-89.95376,10.2,20,21,LONG_GAP
366987890,2022-03-12 16:01:22+00:00,2022-03-16 06:21:01+00:00,5179.65,86.3275,29.00385,-90.03638,10.2,291.9,,29.00422,-90.03859,10.9,21,22,LONG_GAP
366987890,2022-03-16 06:47:12+00:00,2022-03-17 03:15:52+00:00,1228.6667,20.4778,28.98055,-89.95259,11.0,107.4,,28.97965,-89.95079,10.8,22,23,LONG_GAP
366987890,2022-03-17 03:42:02+00:00,2022-03-18 04:43:05+00:00,1501.05,25.0175,29.00524,-90.03517,10.5,288.3,,29.00431,-90.03836,10.7,23,24,LONG_GAP
366987890,2022-03-18 05:10:34+00:00,2022-03-21 21:11:34+00:00,5281.0,88.0167,28.98123,-89.95094,10.4,110.4,,28.97686,-89.95103,10.5,24,25,LONG_GAP
366987890,2022-03-21 21:38:25+00:00,2022-03-27 04:20:25+00:00,7602.0,126.7,29.00311,-90.03846,11.6,287.2,,29.00558,-90.03777,11.7,25,26,LONG_GAP
366987890,2022-03-27 04:46:14+00:00,2022-03-29 00:50:45+00:00,2644.5167,44.0753,28.97921,-89.95047,11.6,104.7,,28.98243,-89.95399,10.5,26,27,LONG_GAP
367007160,2022-01-26 23:43:05+00:00,2022-03-29 02:53:58+00:00,88030.8833,1467.1814,28.98174,-90.03634,8.1,270.9,269.0,29.03876,-89.94991,3.7,0,1,LONG_GAP
367052000,2022-01-04 02:33:25+00:00,2022-01-22 10:51:05+00:00,26417.6667,440.2944,28.96919,-89.95152,9.3,107.7,107.0,29.01233,-89.95088,6.9,0,1,LONG_GAP
367052000,2022-01-22 11:38:07+00:00,2022-01-23 04:31:04+00:00,1012.95,16.8825,29.0251,-90.03713,5.9,280.9,282.0,29.00587,-90.03762,6.3,1,2,LONG_GAP
367052000,2022-01-23 05:18:04+00:00,2022-01-25 00:30:53+00:00,2592.8167,43.2136,28.97961,-89.95107,6.4,108.0,109.0,28.98309,-89.95315,10.7,2,3,LONG_GAP
367052000,2022-01-25 00:57:33+00:00,2022-02-05 21:52:26+00:00,17094.8833,284.9147,29.0054,-90.03862,10.3,287.7,285.0,28.97103,-89.95036,10.7,3,4,LONG_GAP
367052000,2022-02-05 21:54:46+00:00,2022-02-06 00:24:37+00:00,149.85,2.4975,28.96871,-89.95799,10.9,251.2,250.0,28.96815,-89.99536,11.3,4,5,SIGNIFICANT_GAP
367052000,2022-02-06 01:09:42+00:00,2022-02-06 21:23:57+00:00,1214.25,20.2375,29.02645,-89.95001,11.4,12.6,14.0,28.97082,-89.95079,11.4,5,6,LONG_GAP
367052000,2022-02-06 21:26:08+00:00,2022-02-07 02:00:52+00:00,274.7333,4.5789,28.96851,-89.95818,11.6,250.5,250.0,28.9734,-89.9921,10.7,6,7,SIGNIFICANT_GAP
367052000,2022-02-07 02:16:51+00:00,2022-02-07 02:36:20+00:00,19.4833,0.3247,28.9995,-89.95798,0.1,77.2,43.0,28.99908,-89.95869,0.1,7,8,SHORT_GAP
367052000,2022-02-07 02:59:07+00:00,2022-02-11 15:06:56+00:00,6487.8167,108.1303,29.01279,-89.95216,11.2,11.6,14.0,28.97209,-89.95234,9.8,8,9,LONG_GAP
367052000,2022-02-11 15:10:15+00:00,2022-02-11 17:35:46+00:00,145.5167,2.4253,28.96859,-89.96178,9.8,246.7,248.0,28.97155,-90.02113,11.5,9,10,SIGNIFICANT_GAP
367090270,2022-01-24 18:57:20+00:00,2022-03-06 15:59:49+00:00,58862.4833,981.0414,29.01671,-89.95213,20.2,101.0,,29.01341,-89.95482,19.7,0,1,LONG_GAP
367090270,2022-03-06 16:09:09+00:00,2022-03-16 01:53:26+00:00,13544.2833,225.7381,29.02369,-90.01522,21.9,282.0,,29.03154,-90.03498,20.4,1,2,LONG_GAP
367090390,2022-01-12 17:23:24+00:00,2022-01-24 15:58:29+00:00,17195.0833,286.5847,29.0122,-89.95179,17.7,103.7,,29.02104,-89.95269,17.0,0,1,LONG_GAP
367090390,2022-01-24 16:13:29+00:00,2022-03-06 19:56:48+00:00,59263.3167,987.7219,29.04233,-90.03013,17.0,288.2,,29.03595,-90.03633,12.3,1,2,LONG_GAP
367090390,2022-03-06 20:17:37+00:00,2022-03-15 23:16:28+00:00,13138.85,218.9808,29.0198,-89.95578,12.0,107.2,,29.00244,-89.95222,19.6,2,3,LONG_GAP
367123550,2022-02-12 05:43:35+00:00,2022-02-13 05:53:36+00:00,1450.0167,24.1669,28.97798,-90.03853,10.3,293.8,,28.96971,-90.02579,9.3,0,1,LONG_GAP
367123550,2022-02-13 05:53:36+00:00,2022-02-14 23:22:35+00:00,2488.9833,41.4831,28.96971,-90.02579,9.3,296.1,,28.98286,-90.03844,10.0,1,2,LONG_GAP
367123550,2022-02-14 23:33:16+00:00,2022-02-16 04:24:55+00:00,1731.65,28.8608,28.96877,-90.00894,9.9,118.6,,28.9682,-89.97039,9.3,2,3,LONG_GAP
367123550,2022-02-16 04:50:35+00:00,2022-02-16 10:53:25+00:00,362.8333,6.0472,28.99538,-90.03903,9.2,295.9,,28.98324,-90.03885,8.8,3,4,LONG_GAP
367123550,2022-02-16 11:05:05+00:00,2022-02-16 23:19:55+00:00,734.8333,12.2472,28.96822,-90.01063,9.2,119.6,,28.96965,-90.00337,9.3,4,5,LONG_GAP
367123550,2022-02-16 23:33:15+00:00,2022-02-20 13:21:04+00:00,5147.8167,85.7969,28.98545,-90.03859,9.4,297.0,,28.98095,-90.03672,8.6,5,6,LONG_GAP
367123550,2022-02-20 13:32:53+00:00,2022-02-24 03:47:55+00:00,5175.0333,86.2506,28.96867,-90.00768,8.9,121.0,,28.96879,-90.01102,10.7,6,7,LONG_GAP
367123550,2022-02-24 03:56:44+00:00,2022-02-24 19:50:48+00:00,954.0667,15.9011,28.97966,-90.03776,10.4,293.7,,28.96817,-90.01061,10.2,7,8,LONG_GAP
367123550,2022-02-24 20:00:49+00:00,2022-03-07 00:04:57+00:00,14644.1333,244.0689,28.98191,-90.03858,10.0,300.1,,28.96854,-90.00967,9.1,8,9,LONG_GAP
367135890,2022-01-09 00:40:47+00:00,2022-02-06 18:16:02+00:00,41375.25,689.5875,29.00092,-89.95021,10.3,127.0,,28.99247,-89.95517,16.1,0,1,LONG_GAP
367135890,2022-02-06 18:34:19+00:00,2022-02-10 06:46:26+00:00,5052.1167,84.2019,29.01767,-90.03658,15.1,273.0,,29.02121,-90.03446,16.5,1,2,LONG_GAP
367135890,2022-02-10 06:55:07+00:00,2022-02-22 15:58:06+00:00,17822.9833,297.0497,29.01663,-89.98965,16.5,96.0,,29.00696,-90.03765,13.6,2,3,LONG_GAP
367135890,2022-02-22 16:18:11+00:00,2022-02-27 16:04:18+00:00,7186.1167,119.7686,28.98667,-89.95443,13.8,110.0,,28.98912,-89.95007,16.5,3,4,LONG_GAP
367138490,2022-01-04 17:50:13+00:00,2022-01-05 00:42:35+00:00,412.3667,6.8728,28.96834,-89.9696,15.4,253.1,249.0,28.99833,-89.95301,12.1,0,1,LONG_GAP
367138490,2022-01-05 00:58:27+00:00,2022-01-05 17:04:48+00:00,966.35,16.1058,29.02264,-89.95148,17.0,9.9,8.0,28.98873,-89.97453,15.4,1,2,LONG_GAP
367138490,2022-01-05 17:15:27+00:00,2022-01-05 20:52:29+00:00,217.0333,3.6172,29.00158,-89.95737,11.8,74.1,90.0,28.99025,-89.95462,16.6,2,3,SIGNIFICANT_GAP
367138490,2022-01-05 21:08:18+00:00,2022-01-06 23:33:38+00:00,1585.3333,26.4222,28.99976,-89.95384,16.5,82.9,86.0,28.97751,-90.01429,16.4,3,4,LONG_GAP
367138490,2022-01-06 23:48:56+00:00,2022-01-18 00:27:21+00:00,15878.4167,264.6403,29.04183,-89.98093,16.5,27.1,24.0,28.98315,-89.96798,17.8,4,5,LONG_GAP
367138490,2022-01-18 00:48:21+00:00,2022-01-18 01:56:15+00:00,67.9,1.1317,28.98308,-89.95283,15.3,82.5,81.0,28.98221,-89.95428,19.9,5,6,SIGNIFICANT_GAP
367138490,2022-01-18 02:09:01+00:00,2022-01-27 22:25:32+00:00,14176.5167,236.2753,28.98298,-89.95213,20.2,78.8,80.0,29.00593,-89.95773,7.0,6,7,LONG_GAP
367138490,2022-01-27 22:42:12+00:00,2022-02-02 21:52:10+00:00,8589.9667,143.1661,28.99773,-89.9555,9.8,123.2,129.0,29.04181,-89.98453,15.7,7,8,LONG_GAP
367138490,2022-02-02 22:10:04+00:00,2022-02-02 22:39:12+00:00,29.1333,0.4856,28.96921,-90.01867,16.0,207.0,206.0,28.97051,-89.99146,18.4,8,9,SHORT_GAP
367138490,2022-02-02 22:52:39+00:00,2022-02-02 23:25:03+00:00,32.4,0.54,28.97003,-89.99047,15.6,232.7,232.0,28.96837,-89.95164,18.6,9,10,SHORT_GAP
367138490,2022-02-02 23:25:03+00:00,2022-02-06 01:11:16+00:00,4426.2167,73.7703,28.96837,-89.95164,18.6,72.6,70.0,28.99908,-89.99977,18.8,10,11,LONG_GAP
367138490,2022-02-06 01:19:58+00:00,2022-02-07 00:27:03+00:00,1387.0833,23.1181,29.03694,-89.97173,18.6,42.3,40.0,28.98573,-89.97358,13.4,11,12,LONG_GAP
367138490,2022-02-07 00:32:49+00:00,2022-02-07 07:33:33+00:00,420.7333,7.0122,28.99783,-89.95355,13.2,48.0,50.0,28.99352,-89.95363,16.9,12,13,LONG_GAP
367138490,2022-02-07 07:40:33+00:00,2022-02-07 08:18:11+00:00,37.6333,0.6272,28.97293,-89.98398,17.5,243.8,243.0,28.98064,-89.97757,4.0,13,14,SHORT_GAP
367138490,2022-02-07 08:50:19+00:00,2022-02-07 14:56:15+00:00,365.9333,6.0989,28.97175,-89.99095,18.0,229.1,229.0,28.96832,-89.99875,16.5,14,15,LONG_GAP
367138490,2022-02-07 15:50:03+00:00,2022-02-16 03:28:14+00:00,12218.1833,203.6364,28.96887,-89.99478,17.3,227.9,229.0,28.9694,-89.9537,14.8,15,16,LONG_GAP
367138490,2022-02-16 03:28:14+00:00,2022-02-16 06:55:23+00:00,207.15,3.4525,28.9694,-89.9537,14.8,247.6,249.0,28.96851,-89.95719,16.9,16,17,SIGNIFICANT_GAP
367138490,2022-02-16 06:56:28+00:00,2022-02-27 13:37:00+00:00,16240.5333,270.6756,28.96988,-89.9517,16.9,69.0,67.0,28.99424,-89.96739,0.5,17,18,LONG_GAP
367138490,2022-02-27 13:42:41+00:00,2022-02-27 14:09:01+00:00,26.3333,0.4389,28.99567,-89.96833,7.2,349.0,7.0,28.9993,-89.95675,9.3,18,19,SHORT_GAP
367138490,2022-02-27 14:09:01+00:00,2022-02-28 03:46:36+00:00,817.5833,13.6264,28.9993,-89.95675,9.3,91.6,118.0,28.9901,-89.95117,8.7,19,20,LONG_GAP
367138490,2022-02-28 03:46:36+00:00,2022-02-28 04:59:26+00:00,72.8333,1.2139,28.9901,-89.95117,8.7,263.6,269.0,28.99298,-89.96756,0.2,20,21,SIGNIFICANT_GAP
367138490,2022-02-28 05:03:17+00:00,2022-02-28 06:18:44+00:00,75.45,1.2575,28.993,-89.96749,0.6,216.7,225.0,28.99299,-89.96724,0.2,21,22,SIGNIFICANT_GAP
367138490,2022-02-28 06:31:35+00:00,2022-02-28 13:35:13+00:00,423.6333,7.0606,28.97994,-89.98521,16.9,213.3,215.0,28.99299,-89.96916,12.5,22,23,LONG_GAP
367138490,2022-02-28 13:57:43+00:00,2022-03-05 02:21:49+00:00,6504.1,108.4017,28.99918,-89.95589,13.4,89.2,80.0,28.97006,-90.02407,18.6,23,24,LONG_GAP
367138490,2022-03-05 02:36:55+00:00,2022-03-05 13:59:35+00:00,682.6667,11.3778,29.04234,-89.98771,18.9,27.3,27.0,29.0008,-89.95136,18.3,24,25,LONG_GAP
367138490,2022-03-05 14:17:11+00:00,2022-03-06 01:52:34+00:00,695.3833,11.5897,29.00034,-89.95201,16.2,72.4,80.0,28.9991,-89.95316,17.0,25,26,LONG_GAP
367138490,2022-03-06 02:07:34+00:00,2022-03-07 15:14:05+00:00,2226.5167,37.1086,29.03335,-89.9509,17.2,13.1,8.0,28.99889,-89.95019,18.1,26,27,LONG_GAP
367138490,2022-03-07 15:21:05+00:00,2022-03-08 11:44:36+00:00,1223.5167,20.3919,28.99419,-89.95238,16.6,123.8,125.0,28.99977,-89.95805,7.0,27,28,LONG_GAP
367138490,2022-03-08 11:59:16+00:00,2022-03-09 10:11:33+00:00,1332.2833,22.2047,28.99955,-89.95016,15.9,78.8,79.0,29.03698,-89.95186,6.0,28,29,LONG_GAP
367138490,2022-03-09 10:15:43+00:00,2022-03-09 22:41:00+00:00,745.2833,12.4214,29.03172,-89.95004,6.9,149.5,145.0,28.98068,-89.97883,6.0,29,30,LONG_GAP
367138490,2022-03-09 22:45:37+00:00,2022-03-10 04:07:46+00:00,322.15,5.3692,28.98207,-89.97972,4.2,303.0,316.0,28.99839,-89.95829,5.1,30,31,SIGNIFICANT_GAP
367138490,2022-03-10 04:20:33+00:00,2022-03-10 07:49:15+00:00,208.7,3.4783,28.99983,-89.9561,2.9,80.0,92.0,29.03389,-89.965,8.8,31,32,SIGNIFICANT_GAP
367138490,2022-03-10 07:52:25+00:00,2022-03-13 22:20:24+00:00,5187.9833,86.4664,29.04147,-89.96369,8.7,4.1,4.0,29.00036,-89.94992,20.5,32,33,LONG_GAP
367138490,2022-03-13 22:43:43+00:00,2022-03-18 00:27:17+00:00,5863.5667,97.7261,28.96836,-89.99909,19.5,226.9,226.0,29.0009,-89.95016,18.9,33,34,LONG_GAP
367138490,2022-03-18 00:32:35+00:00,2022-03-26 04:04:24+00:00,11731.8167,195.5303,29.00119,-89.95043,13.7,49.7,52.0,28.96815,-89.9853,15.6,34,35,LONG_GAP
367138490,2022-03-26 10:01:46+00:00,2022-03-27 14:25:46+00:00,1704.0,28.4,28.99136,-89.95252,10.2,85.2,79.0,28.99896,-89.9561,13.2,35,36,LONG_GAP
367138490,2022-03-27 14:30:20+00:00,2022-03-28 18:26:16+00:00,1675.9333,27.9322,29.00026,-89.95251,17.7,78.5,79.0,29.0006,-89.95419,17.0,36,37,LONG_GAP
367138490,2022-03-28 18:49:38+00:00,2022-03-28 19:59:44+00:00,70.1,1.1683,28.96965,-89.98326,17.1,231.1,232.0,28.99041,-89.96404,18.1,37,38,SIGNIFICANT_GAP
367138490,2022-03-28 20:05:17+00:00,2022-03-29 18:03:37+00:00,1318.3333,21.9722,28.99856,-89.95429,17.3,107.3,106.0,28.99464,-89.95115,15.2,38,39,LONG_GAP
367150170,2022-01-06 08:07:23+00:00,2022-01-28 07:46:13+00:00,31658.8333,527.6472,28.98539,-90.01866,19.5,125.6,127.0,28.98109,-90.03603,20.0,0,1,LONG_GAP
367197410,2022-01-15 08:17:12+00:00,2022-01-15 21:37:47+00:00,800.5833,13.3431,28.99586,-89.95939,22.5,106.6,,28.98548,-89.95096,21.8,0,1,LONG_GAP
367197410,2022-01-15 21:50:46+00:00,2022-01-24 19:21:02+00:00,12810.2667,213.5044,29.00962,-90.03427,20.9,278.5,,28.98979,-89.95409,24.2,1,2,LONG_GAP
367197410,2022-01-24 19:30:52+00:00,2022-01-30 14:13:54+00:00,8323.0333,138.7172,29.0072,-90.0255,23.9,282.7,,28.99123,-89.9703,23.1,2,3,LONG_GAP
367197410,2022-01-30 14:13:54+00:00,2022-02-01 00:39:18+00:00,2065.4,34.4233,28.99123,-89.9703,23.1,110.3,,28.98032,-89.94996,22.8,3,4,LONG_GAP
367197410,2022-02-01 00:52:00+00:00,2022-02-21 07:46:56+00:00,29214.9333,486.9156,29.00586,-90.0377,22.8,291.2,,29.0004,-90.03448,22.5,4,5,LONG_GAP
367197410,2022-02-21 07:59:55+00:00,2022-02-21 19:02:52+00:00,662.95,11.0492,28.96993,-89.95319,22.0,112.2,,28.97953,-90.03418,22.9,5,6,LONG_GAP
367197410,2022-02-21 19:02:52+00:00,2022-02-24 09:13:59+00:00,3731.1167,62.1853,28.97953,-90.03418,22.9,287.2,,29.00557,-90.03383,20.5,6,7,LONG_GAP
367197410,2022-02-24 09:26:20+00:00,2022-02-24 21:13:48+00:00,707.4667,11.7911,28.98283,-89.95718,21.0,105.9,,28.97193,-89.98453,17.6,7,8,LONG_GAP
367197410,2022-02-24 21:24:08+00:00,2022-03-04 08:20:27+00:00,10736.3167,178.9386,28.9934,-90.03613,17.3,280.5,,29.00904,-90.03119,21.4,8,9,LONG_GAP
367197410,2022-03-04 08:31:37+00:00,2022-03-05 02:59:14+00:00,1107.6167,18.4603,28.98955,-89.95908,21.3,109.2,,28.99188,-89.97212,22.8,9,10,LONG_GAP
367197410,2022-03-05 03:07:24+00:00,2022-03-09 23:58:53+00:00,7011.4833,116.8581,29.0095,-90.0261,22.1,287.3,,28.98279,-89.95753,22.7,10,11,LONG_GAP
367197410,2022-03-10 00:04:03+00:00,2022-03-25 11:21:34+00:00,22277.5167,371.2919,28.9941,-89.99165,21.8,288.9,,28.98343,-90.03823,21.2,11,12,LONG_GAP
367197410,2022-03-25 11:30:13+00:00,2022-03-25 23:25:19+00:00,715.1,11.9183,28.97023,-89.98203,21.0,115.6,,28.97549,-89.95044,16.0,12,13,LONG_GAP
367197410,2022-03-25 23:39:20+00:00,2022-03-29 18:05:53+00:00,5426.55,90.4425,28.9983,-90.01716,16.3,292.7,,28.96857,-89.95059,20.4,13,14,LONG_GAP
367300160,2022-01-02 11:37:43+00:00,2022-01-25 19:13:15+00:00,33575.5333,559.5922,28.99857,-90.03671,10.5,302.1,299.0,29.00055,-90.0374,8.1,0,1,LONG_GAP
367300160,2022-01-25 19:49:44+00:00,2022-02-03 18:46:59+00:00,12897.25,214.9542,28.97681,-89.95194,7.8,107.5,102.0,29.02359,-90.02426,8.7,1,2,LONG_GAP
367300160,2022-02-03 18:51:10+00:00,2022-02-06 10:48:00+00:00,3836.8333,63.9472,29.02657,-90.0353,8.5,285.5,277.0,29.00407,-90.03742,9.2,2,3,LONG_GAP
367300160,2022-02-06 10:58:30+00:00,2022-02-06 11:19:28+00:00,20.9667,0.3494,28.99472,-90.00878,9.1,115.0,114.0,28.97722,-89.95183,9.0,3,4,SHORT_GAP
367300160,2022-02-06 11:19:28+00:00,2022-02-08 16:44:16+00:00,3204.8,53.4133,28.97722,-89.95183,9.0,104.2,103.0,28.99827,-89.95195,9.5,4,5,LONG_GAP
367300160,2022-02-08 16:59:06+00:00,2022-03-10 01:08:18+00:00,42249.2,704.1533,29.01053,-89.9932,9.2,289.2,291.0,29.00511,-90.03823,7.1,5,6,LONG_GAP
367300160,2022-03-10 01:49:28+00:00,2022-03-12 19:36:22+00:00,3946.9,65.7817,28.98038,-89.95061,7.0,107.6,112.0,29.00214,-89.95046,9.6,6,7,LONG_GAP
367305570,2022-01-07 00:44:57+00:00,2022-01-12 06:35:57+00:00,7551.0,125.85,29.04205,-89.98741,3.3,49.4,,29.00942,-89.95461,2.7,0,1,LONG_GAP
367305570,2022-01-12 06:50:27+00:00,2022-01-14 06:39:48+00:00,2869.35,47.8225,29.0157,-89.94994,3.1,65.5,,29.03737,-90.03752,3.1,1,2,LONG_GAP
367305570,2022-01-14 06:43:47+00:00,2022-01-22 22:29:05+00:00,12465.3,207.755,29.03456,-90.03899,2.5,234.5,,29.0115,-90.02602,2.9,2,3,LONG_GAP
367305570,2022-01-22 23:37:35+00:00,2022-01-23 10:11:00+00:00,633.4167,10.5569,29.04308,-89.96773,3.2,55.2,,29.0434,-89.99003,2.8,3,4,LONG_GAP
367305570,2022-01-23 11:10:29+00:00,2022-01-23 12:07:30+00:00,57.0167,0.9503,29.01784,-90.03639,2.9,240.8,,29.02743,-90.03843,3.2,4,5,SHORT_GAP
367305570,2022-01-23 12:37:29+00:00,2022-01-23 16:58:59+00:00,261.5,4.3583,29.04221,-90.01508,3.1,70.6,,29.03963,-89.95018,2.8,5,6,SIGNIFICANT_GAP
367305570,2022-01-23 16:58:59+00:00,2022-01-23 17:15:29+00:00,16.5,0.275,29.03963,-89.95018,2.8,226.5,,29.03069,-89.96091,2.8,6,7,SHORT_GAP
367305570,2022-01-23 18:09:59+00:00,2022-01-23 18:45:29+00:00,35.5,0.5917,29.00056,-89.99659,2.9,225.1,,28.98168,-90.02096,2.9,7,8,SHORT_GAP
367305570,2022-01-23 19:05:29+00:00,2022-01-23 20:15:25+00:00,69.9333,1.1656,28.97408,-90.03706,2.8,243.9,,29.00471,-90.03064,8.6,8,9,SIGNIFICANT_GAP
367305570,2022-01-23 20:15:25+00:00,2022-01-23 20:59:54+00:00,44.4833,0.7414,29.00471,-90.03064,8.6,34.5,,29.01707,-90.01791,0.5,9,10,SHORT_GAP
367305570,2022-01-23 20:59:54+00:00,2022-01-23 21:26:54+00:00,27.0,0.45,29.01707,-90.01791,0.5,72.7,,29.01821,-90.01371,0.4,10,11,SHORT_GAP
367305570,2022-01-23 21:26:54+00:00,2022-01-23 22:37:05+00:00,70.1833,1.1697,29.01821,-90.01371,0.4,74.1,,29.02449,-89.99622,8.0,11,12,SIGNIFICANT_GAP
367305570,2022-01-23 22:47:35+00:00,2022-02-08 20:26:28+00:00,22898.8833,381.6481,29.04249,-89.97938,7.9,40.1,,28.98405,-90.02221,2.8,12,13,LONG_GAP
367305570,2022-02-08 20:31:57+00:00,2022-02-12 14:39:52+00:00,5407.9167,90.1319,28.98196,-90.02654,2.8,244.2,,28.97035,-89.99142,8.6,13,14,LONG_GAP
367305570,2022-02-12 15:12:22+00:00,2022-02-15 14:02:25+00:00,4250.05,70.8342,29.042,-89.95874,8.2,19.2,,28.9896,-89.99364,8.0,14,15,LONG_GAP
367305570,2022-02-15 14:31:25+00:00,2022-02-21 18:40:46+00:00,8889.35,148.1558,29.04198,-89.95165,7.9,44.1,,28.97991,-89.95364,3.2,15,16,LONG_GAP
367305570,2022-02-21 18:59:16+00:00,2022-02-22 09:09:46+00:00,850.5,14.175,28.97264,-89.97074,3.4,220.0,,29.01359,-89.95092,3.2,16,17,LONG_GAP
367321740,2022-01-04 16:45:33+00:00,2022-01-07 07:14:42+00:00,3749.15,62.4858,28.9774,-90.039,24.7,312.3,313.0,28.9703,-90.0325,25.2,0,1,LONG_GAP
367321740,2022-01-07 07:14:42+00:00,2022-01-07 13:09:54+00:00,355.2,5.92,28.9703,-90.0325,25.2,116.9,124.0,28.9715,-90.03056,25.9,1,2,SIGNIFICANT_GAP
367321740,2022-01-07 13:10:58+00:00,2022-01-15 01:25:54+00:00,10814.9333,180.2489,28.97515,-90.03836,25.3,293.8,300.0,28.97068,-90.03748,24.3,2,3,LONG_GAP
367321740,2022-01-15 01:25:54+00:00,2022-01-20 00:18:51+00:00,7132.95,118.8825,28.97068,-90.03748,24.3,306.5,311.0,28.97174,-90.02714,25.6,3,4,LONG_GAP
367321740,2022-01-20 00:19:56+00:00,2022-02-20 08:16:50+00:00,45116.9,751.9483,28.97475,-90.03552,25.9,293.5,305.0,28.97036,-90.03387,23.6,4,5,LONG_GAP
367321740,2022-02-20 08:16:50+00:00,2022-03-29 07:20:04+00:00,53223.2333,887.0539,28.97036,-90.03387,23.6,115.2,111.0,28.97203,-90.0351,23.8,5,6,LONG_GAP
367321740,2022-03-29 07:21:05+00:00,2022-03-29 22:23:01+00:00,901.9333,15.0322,28.96887,-90.02824,23.5,117.8,117.0,28.96901,-90.03872,23.7,6,7,LONG_GAP
367327360,2022-01-02 23:22:34+00:00,2022-01-04 05:23:55+00:00,1801.35,30.0225,28.96811,-90.03163,9.2,109.2,101.0,28.96846,-90.03326,10.1,0,1,LONG_GAP
367327360,2022-01-04 05:25:24+00:00,2022-01-05 06:11:47+00:00,1486.3833,24.7731,28.96957,-90.03784,10.2,282.8,287.0,28.96919,-90.03546,10.0,1,2,LONG_GAP
367327360,2022-01-05 06:11:47+00:00,2022-01-06 00:34:57+00:00,1103.1667,18.3861,28.96919,-90.03546,10.0,106.2,108.0,28.9683,-90.02638,10.0,2,3,LONG_GAP
367327360,2022-01-06 00:38:48+00:00,2022-01-09 05:17:37+00:00,4598.8167,76.6469,28.97122,-90.03808,10.0,284.8,285.0,28.97046,-90.03671,9.7,3,4,LONG_GAP
367327360,2022-01-09 05:20:07+00:00,2022-01-09 23:08:08+00:00,1068.0167,17.8003,28.96852,-90.02988,9.1,107.8,112.0,28.96847,-90.02656,9.5,4,5,LONG_GAP
367327360,2022-01-09 23:12:18+00:00,2022-01-12 05:51:08+00:00,3278.8333,54.6472,28.97127,-90.0391,9.6,289.2,283.0,28.97102,-90.03802,8.7,5,6,LONG_GAP
367327360,2022-01-12 05:52:29+00:00,2022-01-13 00:23:49+00:00,1111.3333,18.5222,28.97,-90.03442,8.7,108.0,111.0,28.96826,-90.03302,11.0,6,7,LONG_GAP
367327360,2022-01-13 00:23:49+00:00,2022-01-16 03:28:05+00:00,4504.2667,75.0711,28.96826,-90.03302,11.0,285.4,283.0,28.96819,-90.03869,9.3,7,8,LONG_GAP
367327360,2022-01-16 03:28:05+00:00,2022-01-17 23:43:45+00:00,2655.6667,44.2611,28.96819,-90.03869,9.3,104.2,101.0,28.96916,-90.01643,9.9,8,9,LONG_GAP
367327360,2022-01-17 23:50:34+00:00,2022-01-18 08:22:55+00:00,512.35,8.5392,28.97568,-90.0359,9.5,291.7,289.0,28.97092,-90.03848,9.7,9,10,LONG_GAP
367327360,2022-01-18 08:24:04+00:00,2022-01-19 03:28:05+00:00,1144.0167,19.0669,28.97009,-90.03502,9.7,105.0,106.0,28.96911,-90.02234,10.0,10,11,LONG_GAP
367327360,2022-01-19 03:32:36+00:00,2022-01-19 09:50:15+00:00,377.65,6.2942,28.97292,-90.03571,9.8,287.4,286.0,28.97143,-90.0386,9.2,11,12,LONG_GAP
367327360,2022-01-19 09:54:25+00:00,2022-01-19 23:47:35+00:00,833.1667,13.8861,28.96838,-90.02654,9.4,105.0,108.0,28.96862,-90.01804,9.9,12,13,LONG_GAP
367327360,2022-01-19 23:54:06+00:00,2022-01-24 08:28:46+00:00,6274.6667,104.5778,28.97416,-90.03767,9.5,284.7,286.0,28.97019,-90.03671,10.4,13,14,LONG_GAP
367327360,2022-01-24 08:30:25+00:00,2022-01-25 19:29:45+00:00,2099.3333,34.9889,28.96875,-90.0315,10.4,107.9,109.0,28.96891,-90.02939,9.8,14,15,LONG_GAP
367327360,2022-01-25 19:31:55+00:00,2022-01-26 14:21:17+00:00,1129.3667,18.8228,28.97058,-90.03588,10.2,285.0,288.0,28.96967,-90.03724,7.9,15,16,LONG_GAP
367327360,2022-01-26 14:22:48+00:00,2022-01-27 19:39:56+00:00,1757.1333,29.2856,28.96872,-90.03332,8.9,110.0,104.0,28.96905,-90.02311,10.5,16,17,LONG_GAP
367327360,2022-01-27 19:44:26+00:00,2022-01-31 02:12:40+00:00,4708.2333,78.4706,28.97291,-90.03725,10.7,286.8,286.0,28.96989,-90.03721,9.6,17,18,LONG_GAP
367327360,2022-01-31 02:14:00+00:00,2022-02-01 03:49:50+00:00,1535.8333,25.5972,28.96886,-90.0334,9.5,107.3,109.0,28.96841,-90.02241,10.1,18,19,LONG_GAP
367327360,2022-02-01 03:55:50+00:00,2022-02-06 10:06:10+00:00,7570.3333,126.1722,28.97729,-90.03905,10.0,300.2,296.0,28.96925,-90.03382,9.6,19,20,LONG_GAP
367327360,2022-02-06 10:06:10+00:00,2022-02-06 20:08:39+00:00,602.4833,10.0414,28.96925,-90.03382,9.6,108.2,109.0,28.96858,-90.03481,10.1,20,21,LONG_GAP
367327360,2022-02-06 20:09:50+00:00,2022-02-10 19:38:16+00:00,5728.4333,95.4739,28.96958,-90.03843,10.1,287.1,288.0,28.96907,-90.03363,9.9,21,22,LONG_GAP
367327360,2022-02-10 19:39:25+00:00,2022-02-14 02:27:57+00:00,4728.5333,78.8089,28.9701,-90.03708,9.9,287.6,290.0,28.97268,-90.03892,9.8,22,23,LONG_GAP
367327360,2022-02-14 02:33:07+00:00,2022-02-15 04:26:19+00:00,1553.2,25.8867,28.96832,-90.02391,9.6,108.0,109.0,28.96869,-90.02878,9.9,23,24,LONG_GAP
367327360,2022-02-15 04:26:19+00:00,2022-02-16 06:27:26+00:00,1561.1167,26.0186,28.96869,-90.02878,9.9,286.9,287.0,28.97147,-90.0388,9.3,24,25,LONG_GAP
367327360,2022-02-16 06:30:16+00:00,2022-02-16 20:41:05+00:00,850.8167,14.1803,28.96911,-90.03115,9.0,105.5,112.0,28.96879,-90.03352,9.8,25,26,LONG_GAP
367327360,2022-02-16 20:42:25+00:00,2022-02-21 11:12:26+00:00,6630.0167,110.5003,28.9697,-90.03746,10.0,280.4,282.0,28.97105,-90.03889,8.7,26,27,LONG_GAP
367327360,2022-02-21 11:16:17+00:00,2022-02-22 02:32:38+00:00,916.35,15.2725,28.96815,-90.02924,8.4,107.5,110.0,28.96895,-90.01995,11.1,27,28,LONG_GAP
367327360,2022-02-22 02:37:27+00:00,2022-02-23 06:31:56+00:00,1674.4833,27.9081,28.97328,-90.03629,11.0,283.2,287.0,28.9692,-90.03667,8.5,28,29,LONG_GAP
367327360,2022-02-23 06:33:16+00:00,2022-02-24 02:24:46+00:00,1191.5,19.8583,28.96809,-90.03325,8.7,116.4,110.0,28.97085,-90.03431,10.5,29,30,LONG_GAP
367327360,2022-02-24 02:24:46+00:00,2022-02-28 02:33:14+00:00,5768.4667,96.1411,28.97085,-90.03431,10.5,281.3,281.0,28.96948,-90.03925,8.4,30,31,LONG_GAP
367327360,2022-02-28 02:33:14+00:00,2022-03-01 03:05:03+00:00,1471.8167,24.5303,28.96948,-90.03925,8.4,102.0,101.0,28.96896,-90.0223,10.5,31,32,LONG_GAP
367327360,2022-03-01 03:10:14+00:00,2022-03-06 06:25:15+00:00,7395.0167,123.2503,28.97264,-90.03884,10.5,282.7,284.0,28.97012,-90.03693,9.6,32,33,LONG_GAP
367327360,2022-03-06 06:26:24+00:00,2022-03-06 22:34:23+00:00,967.9833,16.1331,28.96916,-90.03364,10.1,109.7,109.0,28.96813,-90.02753,11.2,33,34,LONG_GAP
367327360,2022-03-06 22:37:43+00:00,2022-03-09 06:18:18+00:00,3340.5833,55.6764,28.97147,-90.03803,11.0,296.0,292.0,28.96977,-90.03717,9.9,34,35,LONG_GAP
367327360,2022-03-09 06:20:18+00:00,2022-03-09 23:05:56+00:00,1005.6333,16.7606,28.96829,-90.03116,9.5,102.8,110.0,28.96854,-90.02927,11.4,35,36,LONG_GAP
367327360,2022-03-09 23:07:07+00:00,2022-03-15 04:24:02+00:00,7516.9167,125.2819,28.96964,-90.0334,11.5,289.9,286.0,28.96803,-90.0152,9.9,36,37,LONG_GAP
367327360,2022-03-15 04:32:01+00:00,2022-03-16 05:23:08+00:00,1491.1167,24.8519,28.97379,-90.03921,9.6,285.7,284.0,28.97095,-90.03919,9.7,37,38,LONG_GAP
367327360,2022-03-16 05:27:08+00:00,2022-03-16 22:11:37+00:00,1004.4833,16.7414,28.9681,-90.02763,9.4,104.5,108.0,28.96818,-90.02389,9.4,38,39,LONG_GAP
367327360,2022-03-16 22:16:18+00:00,2022-03-21 19:30:27+00:00,7034.15,117.2358,28.97207,-90.03705,9.2,288.9,288.0,28.9681,-90.02479,9.8,39,40,LONG_GAP
367327360,2022-03-21 19:33:57+00:00,2022-03-29 05:12:38+00:00,10658.6833,177.6447,28.97086,-90.03574,10.3,288.7,286.0,28.96942,-90.03601,9.7,40,41,LONG_GAP
367327360,2022-03-29 05:13:47+00:00,2022-03-29 22:27:37+00:00,1033.8333,17.2306,28.96849,-90.0326,9.8,105.7,109.0,28.96862,-90.01786,8.4,41,42,LONG_GAP
367332840,2022-01-13 10:31:27+00:00,2022-01-13 11:29:18+00:00,57.85,0.9642,28.96902,-89.956,10.5,251.0,246.0,28.96816,-89.95838,10.4,0,1,SHORT_GAP
367339130,2022-01-04 00:25:32+00:00,2022-01-05 19:24:19+00:00,2578.7833,42.9797,28.97919,-89.95105,7.9,113.0,113.0,28.9965,-89.9513,9.4,0,1,LONG_GAP
367339130,2022-01-05 19:53:48+00:00,2022-01-06 03:57:09+00:00,483.35,8.0558,29.0068,-90.03565,9.1,287.0,285.0,28.99937,-90.03643,8.7,1,2,LONG_GAP
367339130,2022-01-06 04:31:57+00:00,2022-01-10 05:06:06+00:00,5794.15,96.5692,28.96958,-89.94998,8.4,111.0,114.0,28.98344,-89.95859,8.4,2,3,LONG_GAP
367339680,2021-12-31 01:09:00+00:00,2021-12-31 14:30:50+00:00,801.8333,13.3639,28.97024,-89.97488,15.4,249.7,,28.96877,-89.99892,14.5,0,1,LONG_GAP
367339680,2021-12-31 15:00:24+00:00,2021-12-31 16:36:59+00:00,96.5833,1.6097,28.9693,-90.00403,15.2,223.0,,28.97803,-90.00097,15.0,1,2,SIGNIFICANT_GAP
367339680,2021-12-31 17:22:15+00:00,2021-12-31 17:43:05+00:00,20.8333,0.3472,28.99427,-89.96727,0.4,205.0,,28.99154,-89.96869,9.4,2,3,SHORT_GAP
367339680,2021-12-31 18:12:58+00:00,2021-12-31 18:28:18+00:00,15.3333,0.2556,29.00101,-89.95755,1.0,11.0,,29.00528,-89.95883,0.9,3,4,SHORT_GAP
367339680,2021-12-31 21:21:40+00:00,2021-12-31 22:08:38+00:00,46.9667,0.7828,29.00313,-89.95098,15.0,93.7,,28.99692,-89.95338,13.6,4,5,SHORT_GAP
367339680,2021-12-31 23:16:28+00:00,2022-01-01 02:21:44+00:00,185.2667,3.0878,28.96959,-89.99561,13.4,224.1,,28.96958,-90.02754,13.6,5,6,SIGNIFICANT_GAP
367339680,2022-01-01 02:43:06+00:00,2022-01-01 11:21:04+00:00,517.9667,8.6328,29.04121,-89.99979,14.9,28.4,,29.04014,-89.98414,14.5,6,7,LONG_GAP
367339680,2022-01-01 11:40:35+00:00,2022-01-01 13:46:16+00:00,125.6833,2.0947,28.96963,-90.02157,14.5,203.6,,28.97215,-89.9974,15.6,7,8,SIGNIFICANT_GAP
367339680,2022-01-01 14:51:07+00:00,2022-01-01 16:12:24+00:00,81.2833,1.3547,28.97025,-90.00352,14.3,222.9,,28.99909,-90.00811,14.9,8,9,SIGNIFICANT_GAP
367339680,2022-01-01 16:21:18+00:00,2022-01-03 22:39:07+00:00,3257.8167,54.2969,29.03632,-89.99918,16.1,11.2,,29.04212,-89.97509,15.1,9,10,LONG_GAP
367339680,2022-01-03 22:58:24+00:00,2022-01-04 12:48:49+00:00,830.4167,13.8403,28.96935,-90.01774,15.1,209.1,,28.96919,-89.9974,15.5,10,11,LONG_GAP
367339680,2022-01-04 14:51:03+00:00,2022-01-04 15:11:04+00:00,20.0167,0.3336,29.0012,-89.96233,0.9,279.6,,28.99624,-89.96921,6.0,11,12,SHORT_GAP
367339680,2022-01-04 15:50:41+00:00,2022-01-04 16:07:21+00:00,16.6667,0.2778,28.99401,-89.96774,0.2,319.0,,28.9941,-89.96773,0.1,12,13,SHORT_GAP
367339680,2022-01-04 16:35:40+00:00,2022-01-04 16:51:01+00:00,15.35,0.2558,28.99415,-89.96771,0.1,205.0,,28.99411,-89.96768,0.1,13,14,SHORT_GAP
367339680,2022-01-04 17:55:04+00:00,2022-01-04 18:30:58+00:00,35.9,0.5983,28.97132,-89.99651,14.9,229.6,,28.98421,-89.9786,12.1,14,15,SHORT_GAP
367339680,2022-01-04 22:41:23+00:00,2022-01-04 23:34:22+00:00,52.9833,0.8831,28.97128,-89.99536,14.8,230.7,,28.99169,-89.96902,8.7,15,16,SHORT_GAP
367339680,2022-01-04 23:58:00+00:00,2022-01-05 01:40:01+00:00,102.0167,1.7003,28.99462,-89.96713,1.1,294.8,,28.99426,-89.96698,0.1,16,17,SIGNIFICANT_GAP
367339680,2022-01-05 01:51:21+00:00,2022-01-05 02:12:01+00:00,20.6667,0.3444,28.99426,-89.96699,0.1,221.3,,28.99428,-89.96697,0.0,17,18,SHORT_GAP
367339680,2022-01-05 02:12:01+00:00,2022-01-05 02:49:54+00:00,37.8833,0.6314,28.99428,-89.96697,0.0,236.6,,28.99427,-89.967,0.3,18,19,SHORT_GAP
367339680,2022-01-05 02:49:54+00:00,2022-01-05 03:19:17+00:00,29.3833,0.4897,28.99427,-89.967,0.3,203.4,,28.9952,-89.96672,9.3,19,20,SHORT_GAP
367339680,2022-01-05 03:58:47+00:00,2022-01-05 13:14:33+00:00,555.7667,9.2628,28.98324,-89.97937,15.4,224.6,,28.96864,-90.00058,15.8,20,21,LONG_GAP
367339680,2022-01-05 15:09:51+00:00,2022-01-05 19:28:00+00:00,258.15,4.3025,28.97156,-89.98979,16.1,227.6,,28.9751,-89.99176,16.4,21,22,SIGNIFICANT_GAP
367339680,2022-01-05 22:09:57+00:00,2022-01-05 22:48:31+00:00,38.5667,0.6428,28.97035,-89.99149,15.6,237.9,,28.9766,-89.99939,16.9,22,23,SHORT_GAP
367339680,2022-01-05 23:24:23+00:00,2022-01-06 00:07:39+00:00,43.2667,0.7211,28.96825,-90.01033,15.4,230.1,,28.97333,-89.99531,16.7,23,24,SHORT_GAP
367339680,2022-01-06 00:16:27+00:00,2022-01-06 02:01:53+00:00,105.4333,1.7572,28.99884,-89.97032,16.4,37.6,,28.99334,-89.95982,15.7,24,25,SIGNIFICANT_GAP
367339680,2022-01-06 02:10:43+00:00,2022-01-06 03:55:45+00:00,105.0333,1.7506,28.98634,-89.97922,15.3,223.4,,28.97198,-89.95422,15.8,25,26,SIGNIFICANT_GAP
367339680,2022-01-06 03:58:09+00:00,2022-01-06 17:04:21+00:00,786.2,13.1033,28.9685,-89.96553,15.9,253.5,,28.97053,-89.99521,16.7,26,27,LONG_GAP
367339680,2022-01-06 18:42:33+00:00,2022-01-06 19:15:02+00:00,32.4833,0.5414,29.00351,-89.95637,14.5,75.2,,29.00412,-89.95196,16.1,27,28,SHORT_GAP
367339680,2022-01-06 19:48:11+00:00,2022-01-06 20:22:40+00:00,34.4833,0.5747,28.97371,-89.99034,15.7,228.7,,28.97052,-89.99041,15.9,28,29,SHORT_GAP
367339680,2022-01-06 21:58:40+00:00,2022-01-06 22:20:21+00:00,21.6833,0.3614,28.99751,-89.95758,0.7,49.2,,29.00147,-89.95425,1.0,29,30,SHORT_GAP
367339680,2022-01-06 22:40:31+00:00,2022-01-06 23:44:31+00:00,64.0,1.0667,28.97937,-89.98408,14.0,213.1,,28.96899,-89.99876,16.4,30,31,SIGNIFICANT_GAP
367339680,2022-01-07 00:54:07+00:00,2022-01-07 01:39:19+00:00,45.2,0.7533,28.97279,-89.99172,15.6,227.5,,28.97375,-89.99972,16.5,31,32,SHORT_GAP
367339680,2022-01-07 02:10:26+00:00,2022-01-08 14:19:03+00:00,2168.6167,36.1436,28.97432,-89.98539,15.4,231.5,,28.97094,-89.99264,16.1,32,33,LONG_GAP
367339680,2022-01-08 15:40:03+00:00,2022-01-08 16:16:43+00:00,36.6667,0.6111,28.96886,-90.01847,6.8,255.0,,28.97749,-89.98066,0.4,33,34,SHORT_GAP
367339680,2022-01-08 16:54:05+00:00,2022-01-09 14:11:53+00:00,1277.8,21.2967,28.9715,-90.0036,15.2,215.2,,28.97365,-89.9996,16.9,34,35,LONG_GAP
367339680,2022-01-09 16:58:34+00:00,2022-01-09 17:39:23+00:00,40.8167,0.6803,28.97664,-90.01417,1.0,341.9,,28.98709,-89.97527,3.1,35,36,SHORT_GAP
367339680,2022-01-09 17:42:34+00:00,2022-01-09 18:05:33+00:00,22.9833,0.3831,28.98748,-89.9742,0.8,24.5,,28.99337,-89.97294,11.3,36,37,SHORT_GAP
367339680,2022-01-09 18:17:39+00:00,2022-01-10 00:10:59+00:00,353.3333,5.8889,28.96806,-89.99944,15.6,245.1,,29.03895,-89.98812,10.4,37,38,SIGNIFICANT_GAP
367339680,2022-01-10 00:10:59+00:00,2022-01-10 22:57:37+00:00,1366.6333,22.7772,29.03895,-89.98812,10.4,27.2,,29.04191,-89.98055,14.0,38,39,LONG_GAP
367339680,2022-01-10 23:18:13+00:00,2022-01-12 00:10:04+00:00,1491.85,24.8642,28.96865,-90.02263,14.8,213.4,,28.98146,-89.99364,14.9,39,40,LONG_GAP
367339680,2022-01-12 00:47:28+00:00,2022-01-12 19:42:15+00:00,1134.7833,18.9131,28.97257,-90.00287,15.1,220.2,,28.99884,-89.95845,0.8,40,41,LONG_GAP
367339680,2022-01-12 19:59:34+00:00,2022-01-12 20:14:51+00:00,15.2833,0.2547,28.99861,-89.95874,0.3,304.4,,29.00045,-89.95978,0.3,41,42,SHORT_GAP
367339680,2022-01-12 20:32:30+00:00,2022-01-12 23:59:22+00:00,206.8667,3.4478,28.97138,-89.99526,15.5,227.3,,28.99905,-89.96287,2.2,42,43,SIGNIFICANT_GAP
367339680,2022-01-12 23:59:22+00:00,2022-01-13 00:18:36+00:00,19.2333,0.3206,28.99905,-89.96287,2.2,11.4,,28.99965,-89.96499,0.2,43,44,SHORT_GAP
367339680,2022-01-13 00:20:27+00:00,2022-01-13 00:55:27+00:00,35.0,0.5833,28.99954,-89.96519,0.0,236.5,,28.99755,-89.96878,0.5,44,45,SHORT_GAP
367339680,2022-01-13 02:33:33+00:00,2022-01-13 05:08:45+00:00,155.2,2.5867,29.04253,-89.95613,7.7,46.1,,29.01481,-89.95101,15.4,45,46,SIGNIFICANT_GAP
367339680,2022-01-13 05:18:53+00:00,2022-01-13 13:37:32+00:00,498.65,8.3108,28.99915,-89.96146,0.1,262.4,,29.03721,-89.97952,15.4,46,47,LONG_GAP
367339680,2022-01-13 13:54:08+00:00,2022-01-13 15:35:32+00:00,101.4,1.69,28.97275,-90.01321,15.4,207.6,,28.97339,-90.01557,15.9,47,48,SIGNIFICANT_GAP
367339680,2022-01-13 15:53:08+00:00,2022-01-14 14:06:49+00:00,1333.6833,22.2281,29.04295,-89.97895,16.0,25.6,,28.98284,-89.98523,15.8,48,49,LONG_GAP
367339680,2022-01-14 14:33:26+00:00,2022-01-14 18:11:23+00:00,217.95,3.6325,28.96992,-89.9944,15.7,226.0,,28.96944,-90.03002,0.8,49,50,SIGNIFICANT_GAP
367339680,2022-01-14 18:59:23+00:00,2022-01-14 19:17:15+00:00,17.8667,0.2978,28.97918,-90.03557,0.7,342.8,,28.97409,-90.03257,12.1,50,51,SHORT_GAP
367339680,2022-01-14 19:18:45+00:00,2022-01-14 19:41:37+00:00,22.8667,0.3811,28.96937,-90.03051,12.1,159.7,,28.96809,-90.02789,1.2,51,52,SHORT_GAP
367339680,2022-01-14 19:59:26+00:00,2022-01-14 20:26:06+00:00,26.6667,0.4444,28.97406,-90.02877,1.0,357.1,,28.96977,-90.0285,0.9,52,53,SHORT_GAP
367339680,2022-01-14 20:59:38+00:00,2022-01-14 21:24:48+00:00,25.1667,0.4194,28.97053,-90.02552,9.3,166.9,,28.96859,-90.02404,1.3,53,54,SHORT_GAP
367339680,2022-01-14 22:07:09+00:00,2022-01-15 01:36:46+00:00,209.6167,3.4936,28.96877,-90.02369,8.4,159.2,,28.97185,-89.9514,15.8,54,55,SIGNIFICANT_GAP
367339680,2022-01-15 01:36:46+00:00,2022-01-15 10:58:43+00:00,561.95,9.3658,28.97185,-89.9514,15.8,69.1,,29.03683,-89.97994,14.2,55,56,LONG_GAP
367339680,2022-01-15 11:16:19+00:00,2022-01-15 12:30:54+00:00,74.5833,1.2431,28.9728,-90.01671,14.9,211.3,,28.96806,-90.03564,0.3,56,57,SIGNIFICANT_GAP
367339680,2022-01-15 12:58:34+00:00,2022-01-15 15:20:24+00:00,141.8333,2.3639,28.97328,-90.03669,1.0,350.5,,28.96863,-90.02995,1.1,57,58,SIGNIFICANT_GAP
367339680,2022-01-15 15:43:03+00:00,2022-01-15 16:33:12+00:00,50.15,0.8358,28.97131,-90.03083,14.3,168.0,,28.97919,-89.98173,15.5,58,59,SHORT_GAP
367339680,2022-01-15 17:55:29+00:00,2022-01-15 18:21:53+00:00,26.4,0.44,28.97245,-89.99469,14.7,232.8,,28.97015,-89.99661,14.7,59,60,SHORT_GAP
367339680,2022-01-15 18:58:48+00:00,2022-01-15 19:15:57+00:00,17.15,0.2858,28.99078,-89.97059,14.2,43.6,,28.99826,-89.96582,0.8,60,61,SHORT_GAP
367339680,2022-01-15 19:59:39+00:00,2022-01-15 20:29:39+00:00,30.0,0.5,28.97096,-89.96582,14.2,251.9,,28.97128,-89.99611,16.2,61,62,SHORT_GAP
367339680,2022-01-15 21:52:56+00:00,2022-01-15 22:14:56+00:00,22.0,0.3667,28.98051,-89.97454,1.1,70.9,,28.98135,-89.97635,2.0,62,63,SHORT_GAP
367339680,2022-01-15 22:35:09+00:00,2022-01-15 23:42:24+00:00,67.25,1.1208,28.97838,-89.98006,13.9,237.6,,28.98117,-89.97711,0.6,63,64,SIGNIFICANT_GAP
367339680,2022-01-15 23:50:15+00:00,2022-01-17 11:45:44+00:00,2155.4833,35.9247,28.9697,-89.988,9.7,218.0,,29.01096,-89.99413,14.9,64,65,LONG_GAP
367339680,2022-01-17 11:56:32+00:00,2022-01-17 13:45:17+00:00,108.75,1.8125,28.96974,-90.01998,15.7,213.7,,28.97295,-89.99894,14.7,65,66,SIGNIFICANT_GAP
367339680,2022-01-17 14:40:08+00:00,2022-01-17 18:32:35+00:00,232.45,3.8742,28.99622,-89.9577,11.1,156.7,,28.97814,-89.97383,1.4,66,67,SIGNIFICANT_GAP
367339680,2022-01-17 18:32:35+00:00,2022-01-17 19:53:30+00:00,80.9167,1.3486,28.97814,-89.97383,1.4,131.1,,28.99307,-89.96576,0.5,67,68,SIGNIFICANT_GAP
367339680,2022-01-17 19:53:30+00:00,2022-01-17 23:19:40+00:00,206.1667,3.4361,28.99307,-89.96576,0.5,133.5,,28.99344,-89.96711,0.2,68,69,SIGNIFICANT_GAP
367339680,2022-01-17 23:27:51+00:00,2022-01-18 01:42:09+00:00,134.3,2.2383,28.98112,-89.97711,0.6,45.6,,28.98038,-89.97387,0.4,69,70,SIGNIFICANT_GAP
367339680,2022-01-18 01:42:09+00:00,2022-01-18 02:08:59+00:00,26.8333,0.4472,28.98038,-89.97387,0.4,104.3,,28.98079,-89.97787,0.3,70,71,SHORT_GAP
367339680,2022-01-18 02:08:59+00:00,2022-01-18 14:23:24+00:00,734.4167,12.2403,28.98079,-89.97787,0.3,308.7,,28.98105,-89.97727,0.2,71,72,LONG_GAP
367339680,2022-01-18 14:34:45+00:00,2022-01-18 17:52:46+00:00,198.0167,3.3003,28.99337,-89.96737,2.6,211.6,,28.97756,-89.98558,15.9,72,73,SIGNIFICANT_GAP
367339680,2022-01-18 17:52:46+00:00,2022-01-18 22:27:57+00:00,275.1833,4.5864,28.97756,-89.98558,15.9,228.2,,28.9935,-89.967,0.7,73,74,SIGNIFICANT_GAP
367339680,2022-01-18 22:27:57+00:00,2022-01-19 11:08:28+00:00,760.5167,12.6753,28.9935,-89.967,0.7,314.4,,29.03987,-89.98657,15.6,74,75,LONG_GAP
367339680,2022-01-19 11:26:16+00:00,2022-01-19 13:47:04+00:00,140.8,2.3467,28.97092,-90.01988,15.3,218.2,,28.97629,-89.98308,14.6,75,76,SIGNIFICANT_GAP
367339680,2022-01-19 14:06:45+00:00,2022-01-19 14:30:44+00:00,23.9833,0.3997,28.99448,-89.96806,0.7,356.2,,28.99429,-89.96741,0.8,76,77,SHORT_GAP
367339680,2022-01-19 14:54:02+00:00,2022-01-19 16:04:54+00:00,70.8667,1.1811,28.9766,-89.9899,15.1,216.7,,28.97436,-89.98823,15.6,77,78,SIGNIFICANT_GAP
367339680,2022-01-19 16:44:59+00:00,2022-01-19 19:55:03+00:00,190.0667,3.1678,29.0005,-89.95932,4.3,337.2,,28.98545,-89.98047,14.8,78,79,SIGNIFICANT_GAP
367339680,2022-01-19 19:59:20+00:00,2022-01-19 20:16:27+00:00,17.1167,0.2853,28.99361,-89.96693,1.8,54.5,,28.99512,-89.96617,0.0,79,80,SHORT_GAP
367339680,2022-01-19 22:21:15+00:00,2022-01-20 14:02:38+00:00,941.3833,15.6897,28.96995,-89.99019,15.1,227.8,,28.98091,-89.97729,1.9,80,81,LONG_GAP
367339680,2022-01-20 14:10:39+00:00,2022-01-20 14:37:29+00:00,26.8333,0.4472,28.98245,-89.97584,4.8,151.9,,28.97835,-89.97625,0.6,81,82,SHORT_GAP
367339680,2022-01-20 14:57:59+00:00,2022-01-23 13:45:02+00:00,4247.05,70.7842,28.98116,-89.97709,0.4,344.7,,28.97098,-89.9925,15.9,82,83,LONG_GAP
367339680,2022-01-23 16:56:13+00:00,2022-01-24 01:21:13+00:00,505.0,8.4167,28.9809,-89.97741,0.6,170.1,,28.98047,-89.97683,1.1,83,84,LONG_GAP
367339680,2022-01-24 01:22:54+00:00,2022-01-24 15:25:34+00:00,842.6667,14.0444,28.98101,-89.97725,0.8,323.4,,28.97149,-90.00057,15.1,84,85,LONG_GAP
367339680,2022-01-24 16:31:24+00:00,2022-01-24 16:51:32+00:00,20.1333,0.3356,28.9996,-89.95897,2.2,326.1,,28.99915,-89.96185,1.4,85,86,SHORT_GAP
367339680,2022-01-24 18:34:54+00:00,2022-01-24 18:55:42+00:00,20.8,0.3467,28.99863,-89.96993,0.6,268.1,,28.99901,-89.97522,0.7,86,87,SHORT_GAP
367339680,2022-01-24 19:54:18+00:00,2022-01-24 20:10:13+00:00,15.9167,0.2653,29.0059,-89.98519,3.9,3.9,,28.99882,-89.95845,0.7,87,88,SHORT_GAP
367339680,2022-01-24 20:26:28+00:00,2022-01-24 23:10:19+00:00,163.85,2.7308,28.981,-89.97731,0.4,272.4,,28.97334,-89.98971,15.3,88,89,SIGNIFICANT_GAP
367339680,2022-01-25 00:59:58+00:00,2022-01-25 06:42:01+00:00,342.05,5.7008,28.98076,-89.97726,1.8,344.9,,28.98075,-89.9765,2.3,89,90,SIGNIFICANT_GAP
367339680,2022-01-25 07:25:56+00:00,2022-01-25 08:41:27+00:00,75.5167,1.2586,28.98248,-89.97688,0.8,336.9,,28.98072,-89.97747,1.6,90,91,SIGNIFICANT_GAP
367339680,2022-01-25 08:50:38+00:00,2022-01-25 14:38:18+00:00,347.6667,5.7944,28.98077,-89.97752,6.8,210.5,,29.01881,-89.99452,15.5,91,92,SIGNIFICANT_GAP
367339680,2022-01-25 14:38:18+00:00,2022-01-27 13:56:22+00:00,2838.0667,47.3011,29.01881,-89.99452,15.5,55.8,,29.03334,-89.9531,14.8,92,93,LONG_GAP
367339680,2022-01-27 14:16:43+00:00,2022-01-27 22:54:23+00:00,517.6667,8.6278,28.99884,-89.95845,1.8,123.6,,28.99889,-89.95856,0.4,93,94,LONG_GAP
367339680,2022-01-27 23:07:13+00:00,2022-01-27 23:29:27+00:00,22.2333,0.3706,28.99874,-89.95801,7.4,113.2,,28.99355,-89.96752,0.2,94,95,SHORT_GAP
367339680,2022-01-27 23:47:37+00:00,2022-01-28 23:32:58+00:00,1425.35,23.7558,28.98662,-89.97846,15.7,233.3,,28.98073,-89.97697,0.1,95,96,LONG_GAP
367339680,2022-01-28 23:32:58+00:00,2022-01-29 00:24:57+00:00,51.9833,0.8664,28.98073,-89.97697,0.1,95.2,,28.98064,-89.97707,0.0,96,97,SHORT_GAP
367339680,2022-01-29 00:26:57+00:00,2022-01-29 00:52:37+00:00,25.6667,0.4278,28.98066,-89.97705,0.4,177.2,,28.98062,-89.97721,0.1,97,98,SHORT_GAP
367339680,2022-01-29 00:55:48+00:00,2022-01-29 01:25:38+00:00,29.8333,0.4972,28.98065,-89.97704,0.4,313.6,,28.98061,-89.97714,0.5,98,99,SHORT_GAP
367339680,2022-01-29 01:49:38+00:00,2022-01-29 03:07:07+00:00,77.4833,1.2914,28.98063,-89.97715,0.6,140.6,,28.98059,-89.97717,0.9,99,100,SIGNIFICANT_GAP
367339680,2022-01-29 03:07:07+00:00,2022-01-29 05:24:37+00:00,137.5,2.2917,28.98059,-89.97717,0.9,66.9,,28.98067,-89.97701,0.3,100,101,SIGNIFICANT_GAP
367339680,2022-01-29 05:24:37+00:00,2022-01-29 06:29:47+00:00,65.1667,1.0861,28.98067,-89.97701,0.3,52.2,,28.98062,-89.97712,0.3,101,102,SIGNIFICANT_GAP
367339680,2022-01-29 06:57:17+00:00,2022-01-29 07:24:32+00:00,27.25,0.4542,28.9807,-89.97696,0.1,188.8,,28.98078,-89.97693,0.5,102,103,SHORT_GAP
367339680,2022-01-29 07:24:32+00:00,2022-01-30 11:47:12+00:00,1702.6667,28.3778,28.98078,-89.97693,0.5,106.8,,28.99925,-89.95778,3.1,103,104,LONG_GAP
367339680,2022-01-30 11:47:12+00:00,2022-01-30 12:29:57+00:00,42.75,0.7125,28.99925,-89.95778,3.1,175.9,,28.99883,-89.95865,0.3,104,105,SHORT_GAP
367339680,2022-01-30 12:44:59+00:00,2022-01-31 13:36:54+00:00,1491.9167,24.8653,28.99881,-89.95864,0.0,310.9,,28.97707,-89.99712,14.8,105,106,LONG_GAP
367339680,2022-01-31 13:46:25+00:00,2022-01-31 14:19:38+00:00,33.2167,0.5536,28.9978,-89.95982,10.4,53.2,,28.97041,-89.99795,14.6,106,107,SHORT_GAP
367339680,2022-01-31 14:19:38+00:00,2022-01-31 14:40:59+00:00,21.35,0.3558,28.97041,-89.99795,14.6,237.5,,28.98056,-89.97717,0.6,107,108,SHORT_GAP
367339680,2022-01-31 14:42:19+00:00,2022-01-31 14:58:25+00:00,16.1,0.2683,28.98055,-89.9775,0.8,285.7,,28.98347,-89.97999,0.8,108,109,SHORT_GAP
367339680,2022-01-31 17:12:04+00:00,2022-01-31 18:19:42+00:00,67.6333,1.1272,28.9812,-89.9777,0.8,67.9,,28.98097,-89.97774,0.8,109,110,SIGNIFICANT_GAP
367339680,2022-01-31 18:33:20+00:00,2022-01-31 21:55:19+00:00,201.9833,3.3664,28.98116,-89.97837,3.9,172.8,,28.97637,-89.98987,15.9,110,111,SIGNIFICANT_GAP
367339680,2022-01-31 22:31:58+00:00,2022-02-01 11:53:15+00:00,801.2833,13.3547,28.98993,-89.97615,15.3,236.7,,28.99102,-90.0125,16.1,111,112,LONG_GAP
367366390,2022-03-26 18:45:55+00:00,2022-03-26 22:06:55+00:00,201.0,3.35,28.99567,-89.95368,17.8,102.4,,28.99088,-89.95447,18.0,0,1,SIGNIFICANT_GAP
367390890,2022-02-23 10:42:42+00:00,2022-02-25 14:50:44+00:00,3128.0333,52.1339,28.98556,-89.95026,6.3,105.7,116.0,28.98623,-89.9538,10.7,0,1,LONG_GAP
367391920,2022-01-13 05:26:56+00:00,2022-01-20 07:18:08+00:00,10191.2,169.8533,28.96877,-89.97409,10.4,107.9,113.0,28.9942,-90.03535,10.7,0,1,LONG_GAP
367391920,2022-01-20 07:38:27+00:00,2022-01-23 01:30:09+00:00,3951.7,65.8617,28.96811,-89.97314,10.8,118.2,121.0,28.97088,-90.01904,11.7,1,2,LONG_GAP
367391920,2022-01-23 01:35:19+00:00,2022-01-27 07:41:29+00:00,6126.1667,102.1028,28.97785,-90.03613,11.5,294.8,294.0,28.98946,-90.03787,10.1,2,3,LONG_GAP
367391920,2022-01-27 08:01:28+00:00,2022-02-12 07:41:19+00:00,23019.85,383.6642,28.96847,-89.9787,9.8,117.2,117.0,29.0029,-89.95277,10.8,3,4,LONG_GAP
367391920,2022-02-12 08:07:57+00:00,2022-02-20 00:10:41+00:00,11042.7333,184.0456,29.03074,-90.03903,10.8,287.1,284.0,28.97073,-89.95446,11.9,4,5,LONG_GAP
367391920,2022-02-20 00:32:30+00:00,2022-02-24 04:28:41+00:00,5996.1833,99.9364,28.99416,-90.03215,12.0,285.5,281.0,28.98256,-90.03815,9.9,5,6,LONG_GAP
367391920,2022-02-24 04:46:31+00:00,2022-02-26 06:45:41+00:00,2999.1667,49.9861,28.96998,-89.98668,9.3,135.1,,28.97264,-90.03123,12.6,6,7,LONG_GAP
367391920,2022-02-26 06:45:41+00:00,2022-03-04 07:47:31+00:00,8701.8333,145.0306,28.97264,-90.03123,12.6,288.5,285.0,28.97411,-90.03404,10.4,7,8,LONG_GAP
367391920,2022-03-04 07:52:41+00:00,2022-03-07 03:35:42+00:00,4063.0167,67.7169,28.9689,-90.01805,10.4,110.1,110.0,28.96891,-89.96605,12.3,8,9,LONG_GAP
367391920,2022-03-07 03:56:13+00:00,2022-03-12 01:34:04+00:00,7057.85,117.6308,28.99709,-90.03859,12.1,294.1,292.0,28.96927,-89.95263,12.2,9,10,LONG_GAP
367396620,2022-01-05 07:24:56+00:00,2022-01-09 09:03:16+00:00,5858.3333,97.6389,28.96818,-90.01458,9.0,122.3,120.0,28.98744,-90.03872,7.4,0,1,LONG_GAP
367396620,2022-01-09 09:19:46+00:00,2022-01-10 18:21:17+00:00,1981.5167,33.0253,28.97012,-90.00769,5.2,103.5,122.0,28.9793,-90.01327,8.6,1,2,LONG_GAP
367396620,2022-01-10 18:21:17+00:00,2022-01-11 23:52:27+00:00,1771.1667,29.5194,28.9793,-90.01327,8.6,302.3,306.0,28.97575,-90.03842,8.0,2,3,LONG_GAP
367396620,2022-01-11 23:59:36+00:00,2022-01-14 21:54:17+00:00,4194.6833,69.9114,28.96815,-90.02245,8.1,117.9,118.0,28.96932,-90.00529,9.1,3,4,LONG_GAP
367396620,2022-01-14 22:06:48+00:00,2022-01-20 16:06:38+00:00,8279.8333,137.9972,28.98323,-90.03743,8.9,297.8,292.0,28.96918,-90.02149,8.7,4,5,LONG_GAP
367396620,2022-01-20 16:13:09+00:00,2022-01-23 10:53:18+00:00,4000.15,66.6692,28.97673,-90.03647,8.6,297.4,301.0,28.98178,-90.02984,8.2,5,6,LONG_GAP
367396620,2022-01-23 10:59:29+00:00,2022-01-24 19:18:39+00:00,1939.1667,32.3194,28.97467,-90.01618,8.1,122.2,123.0,28.9687,-90.01419,9.0,6,7,LONG_GAP
367396620,2022-01-24 19:23:48+00:00,2022-01-30 10:54:50+00:00,8131.0333,135.5172,28.97526,-90.02686,9.0,300.9,297.0,28.98393,-90.03684,9.1,7,8,LONG_GAP
367396620,2022-01-30 11:06:50+00:00,2022-01-31 22:48:51+00:00,2142.0167,35.7003,28.96857,-90.00762,8.9,120.5,122.0,28.97245,-90.01764,9.7,8,9,LONG_GAP
367396620,2022-01-31 22:54:41+00:00,2022-02-06 12:21:40+00:00,8006.9833,133.4497,28.97991,-90.03329,9.5,297.9,292.0,28.98385,-90.03799,8.8,9,10,LONG_GAP
367396620,2022-02-06 12:32:11+00:00,2022-02-09 05:40:41+00:00,3908.5,65.1417,28.96954,-90.01455,8.7,121.3,120.0,28.97892,-90.03522,8.8,10,11,LONG_GAP
367396620,2022-02-09 05:48:41+00:00,2022-02-13 01:31:51+00:00,5503.1667,91.7194,28.96924,-90.01634,8.5,120.2,124.0,28.96942,-90.01889,8.8,11,12,LONG_GAP
367396620,2022-02-13 01:38:51+00:00,2022-02-14 09:41:43+00:00,1922.8667,32.0478,28.97795,-90.036,8.9,299.2,297.0,28.97398,-90.01937,8.7,12,13,LONG_GAP
367396620,2022-02-14 09:44:32+00:00,2022-02-15 08:50:13+00:00,1385.6833,23.0947,28.96999,-90.01298,8.7,124.6,125.0,28.97699,-90.03345,8.9,13,14,LONG_GAP
367396620,2022-02-15 08:54:41+00:00,2022-02-16 01:35:23+00:00,1000.7,16.6783,28.97116,-90.02274,9.0,122.2,121.0,28.96865,-90.01455,9.0,14,15,LONG_GAP
367403640,2022-02-15 07:32:15+00:00,2022-02-15 09:16:43+00:00,104.4667,1.7411,28.98357,-89.94985,2.9,60.5,,28.9756,-89.95958,2.9,0,1,SIGNIFICANT_GAP
367403640,2022-02-15 09:16:43+00:00,2022-02-15 09:37:45+00:00,21.0333,0.3506,28.9756,-89.95958,2.9,231.0,,28.97779,-89.96484,3.0,1,2,SHORT_GAP
367403640,2022-02-15 09:37:45+00:00,2022-02-16 02:24:10+00:00,1006.4167,16.7736,28.97779,-89.96484,3.0,55.0,,29.01082,-89.95152,2.9,2,3,LONG_GAP
367403640,2022-02-16 02:25:40+00:00,2022-02-16 02:41:11+00:00,15.5167,0.2586,29.01062,-89.95289,3.0,259.2,,29.00775,-89.96681,2.9,3,4,SHORT_GAP
367403640,2022-02-16 02:52:41+00:00,2022-02-16 03:10:42+00:00,18.0167,0.3003,29.00635,-89.97709,2.9,265.5,,29.00452,-89.99329,2.9,4,5,SHORT_GAP
367403640,2022-02-16 04:04:42+00:00,2022-02-16 05:15:11+00:00,70.4833,1.1747,29.00921,-89.98522,3.1,181.1,,28.97807,-90.03584,2.9,5,6,SIGNIFICANT_GAP
367403640,2022-02-16 07:15:23+00:00,2022-02-16 09:14:21+00:00,118.9667,1.9828,29.01472,-89.95306,2.6,90.9,,29.01335,-89.96383,3.4,6,7,SIGNIFICANT_GAP
367411370,2022-01-12 13:19:55+00:00,2022-01-24 17:34:46+00:00,17534.85,292.2475,29.00101,-90.03891,17.7,195.4,,28.97358,-90.03735,17.8,0,1,LONG_GAP
367411370,2022-01-24 17:36:34+00:00,2022-01-27 10:30:49+00:00,3894.25,64.9042,28.96889,-90.02871,17.8,124.1,,28.97561,-90.03869,17.7,1,2,LONG_GAP
367411370,2022-01-27 10:31:55+00:00,2022-02-13 03:50:42+00:00,24078.7833,401.3131,28.97252,-90.03357,17.9,126.7,,29.04335,-89.99161,17.0,2,3,LONG_GAP
367411370,2022-02-13 04:07:29+00:00,2022-02-13 13:27:51+00:00,560.3667,9.3394,28.9752,-90.03785,17.1,212.8,211.0,28.99226,-90.03906,15.2,3,4,LONG_GAP
367411370,2022-02-13 13:40:13+00:00,2022-02-14 22:33:07+00:00,1972.9,32.8817,29.04323,-90.01434,17.3,38.3,26.0,29.04344,-89.99936,17.8,4,5,LONG_GAP
367411940,2022-01-13 19:29:04+00:00,2022-01-14 09:16:34+00:00,827.5,13.7917,29.01462,-89.95884,19.4,100.3,,29.01874,-89.95274,17.5,0,1,LONG_GAP
367411940,2022-01-14 09:32:15+00:00,2022-01-27 17:59:06+00:00,19226.85,320.4475,29.03367,-90.03782,17.7,277.8,,28.99148,-90.03067,18.3,1,2,LONG_GAP
367411940,2022-01-27 18:07:55+00:00,2022-02-06 08:35:40+00:00,13827.75,230.4625,28.97025,-89.98642,18.2,135.7,,28.98181,-90.03253,17.7,2,3,LONG_GAP
367411940,2022-02-06 08:40:16+00:00,2022-02-08 06:51:31+00:00,2771.25,46.1875,28.96985,-90.01064,17.8,121.7,,28.98059,-90.02334,18.6,3,4,LONG_GAP
367411940,2022-02-08 06:51:31+00:00,2022-02-15 08:30:19+00:00,10178.8,169.6467,28.98059,-90.02334,18.6,299.1,,28.97705,-90.03526,18.3,4,5,LONG_GAP
367411940,2022-02-15 08:32:37+00:00,2022-02-20 06:34:54+00:00,7082.2833,118.0381,28.97084,-90.02402,18.4,122.6,,28.98456,-90.03905,17.1,5,6,LONG_GAP
367411940,2022-02-20 06:51:36+00:00,2022-02-22 06:30:05+00:00,2858.4833,47.6414,28.96961,-89.95013,17.1,100.9,,28.97427,-90.03587,16.8,6,7,LONG_GAP
367411940,2022-02-22 06:32:11+00:00,2022-02-25 09:18:42+00:00,4486.5167,74.7753,28.97035,-90.02561,16.6,118.1,,29.00449,-90.02682,17.0,7,8,LONG_GAP
367411940,2022-02-25 09:33:30+00:00,2022-02-26 05:59:33+00:00,1226.05,20.4342,28.98251,-89.95061,17.0,98.6,,28.97043,-90.02916,18.8,8,9,LONG_GAP
367411940,2022-02-26 06:00:14+00:00,2022-02-28 18:41:28+00:00,3641.2333,60.6872,28.97177,-90.03285,19.5,299.3,,29.02706,-90.03884,17.3,9,10,LONG_GAP
367411940,2022-02-28 18:57:16+00:00,2022-03-17 16:55:29+00:00,24358.2167,405.9703,29.00937,-89.95441,17.5,124.9,,28.97618,-89.95033,17.6,10,11,LONG_GAP
367411940,2022-03-17 17:11:23+00:00,2022-03-25 00:13:29+00:00,10502.1,175.035,28.998,-90.03505,18.0,290.9,,28.96916,-90.02727,18.5,11,12,LONG_GAP
367411940,2022-03-25 00:15:47+00:00,2022-03-26 06:42:21+00:00,1826.5667,30.4428,28.97434,-90.03883,18.5,279.4,,28.97221,-90.03479,19.0,12,13,LONG_GAP
367411940,2022-03-26 06:43:33+00:00,2022-03-26 19:33:10+00:00,769.6167,12.8269,28.96912,-90.0285,18.8,116.1,,28.97091,-90.03811,19.3,13,14,LONG_GAP
367411940,2022-03-26 19:33:10+00:00,2022-03-27 15:43:45+00:00,1210.5833,20.1764,28.97091,-90.03811,19.3,310.7,,28.97581,-90.03447,17.3,14,15,LONG_GAP
367411940,2022-03-27 15:45:57+00:00,2022-03-28 03:22:41+00:00,696.7333,11.6122,28.97016,-90.02419,17.3,113.4,,28.96936,-90.02149,17.2,15,16,LONG_GAP
367414380,2022-02-21 05:25:27+00:00,2022-02-21 13:44:48+00:00,499.35,8.3225,28.9684,-89.95276,2.6,230.5,,28.98164,-89.9525,8.3,0,1,LONG_GAP
367414380,2022-02-21 14:00:57+00:00,2022-02-26 03:21:16+00:00,6560.3167,109.3386,28.96842,-89.99177,8.4,255.7,,28.96803,-89.95677,2.0,1,2,LONG_GAP
367414780,2022-01-12 01:46:48+00:00,2022-01-18 02:39:52+00:00,8693.0667,144.8844,29.01171,-89.95342,10.7,104.4,,29.02129,-89.95314,10.9,0,1,LONG_GAP
367414780,2022-01-18 03:05:20+00:00,2022-01-18 19:56:45+00:00,1011.4167,16.8569,29.0412,-90.03792,10.6,277.4,,28.9704,-90.03859,10.9,1,2,LONG_GAP
367414780,2022-01-18 19:56:45+00:00,2022-01-23 01:53:57+00:00,6117.2,101.9533,28.9704,-90.03859,10.9,121.1,,28.97077,-90.00794,11.4,2,3,LONG_GAP
367414780,2022-01-23 01:59:36+00:00,2022-01-27 01:19:48+00:00,5720.2,95.3367,28.9786,-90.02669,11.5,297.4,,28.98519,-90.03803,11.0,3,4,LONG_GAP
367414780,2022-01-27 01:29:49+00:00,2022-01-31 03:24:26+00:00,5874.6167,97.9103,28.96942,-90.01109,10.3,122.7,,28.98554,-90.02183,10.9,4,5,LONG_GAP
367414780,2022-01-31 03:29:18+00:00,2022-02-11 15:14:41+00:00,16545.3833,275.7564,28.99015,-90.03783,10.9,287.4,,29.01995,-90.03804,11.0,5,6,LONG_GAP
367414780,2022-02-11 15:39:41+00:00,2022-02-12 22:19:51+00:00,1840.1667,30.6694,29.00043,-89.95352,11.0,112.9,,28.98144,-89.95244,11.1,6,7,LONG_GAP
367414780,2022-02-12 22:44:20+00:00,2022-02-13 19:38:43+00:00,1254.3833,20.9064,29.00265,-90.03558,11.2,284.7,,28.99588,-90.03513,10.2,7,8,LONG_GAP
367414780,2022-02-13 20:02:54+00:00,2022-02-15 11:17:07+00:00,2354.2167,39.2369,28.96883,-89.96379,9.8,120.4,,28.97139,-89.95191,10.9,8,9,LONG_GAP
367414780,2022-02-15 11:44:07+00:00,2022-02-22 07:25:12+00:00,9821.0833,163.6847,28.99953,-90.03844,10.4,291.4,,28.97178,-90.03184,9.5,9,10,LONG_GAP
367419130,2022-02-10 08:20:06+00:00,2022-02-11 02:06:18+00:00,1066.2,17.77,28.97876,-90.01387,18.2,205.7,,28.97811,-89.94993,15.2,0,1,LONG_GAP
367419130,2022-02-11 02:11:58+00:00,2022-02-11 05:51:39+00:00,219.6833,3.6614,28.96956,-89.97548,15.3,248.8,,28.97062,-90.02638,18.7,1,2,SIGNIFICANT_GAP
367419130,2022-02-11 06:06:31+00:00,2022-03-07 09:15:44+00:00,34749.2167,579.1536,29.04204,-89.99435,18.6,20.6,,29.02331,-90.03627,17.2,2,3,LONG_GAP
367419130,2022-03-07 09:27:44+00:00,2022-03-08 01:32:58+00:00,965.2333,16.0872,29.00643,-89.96803,18.4,112.0,,29.00121,-89.95521,19.5,3,4,LONG_GAP
367419130,2022-03-08 01:46:28+00:00,2022-03-10 07:58:15+00:00,3251.7833,54.1964,29.02527,-90.03364,20.5,285.6,,29.02352,-89.9586,18.0,4,5,LONG_GAP
367419130,2022-03-10 07:58:15+00:00,2022-03-10 17:55:52+00:00,597.6167,9.9603,29.02352,-89.9586,18.0,92.3,,28.97978,-89.95014,19.9,5,6,LONG_GAP
367419130,2022-03-10 20:55:19+00:00,2022-03-10 21:11:51+00:00,16.5333,0.2756,29.00111,-89.96669,1.4,288.0,,29.00118,-89.96592,5.3,6,7,SHORT_GAP
367419130,2022-03-10 21:11:51+00:00,2022-03-10 21:31:46+00:00,19.9167,0.3319,29.00118,-89.96592,5.3,107.3,,29.00222,-89.96917,1.8,7,8,SHORT_GAP
367419130,2022-03-10 21:31:46+00:00,2022-03-10 21:48:25+00:00,16.65,0.2775,29.00222,-89.96917,1.8,291.6,,29.00209,-89.96852,4.0,8,9,SHORT_GAP
367419130,2022-03-10 22:01:34+00:00,2022-03-10 23:43:06+00:00,101.5333,1.6922,29.00094,-89.95147,18.4,86.7,,28.97348,-89.99583,18.3,9,10,SIGNIFICANT_GAP
367419130,2022-03-11 01:42:01+00:00,2022-03-11 09:45:39+00:00,483.6333,8.0606,28.96891,-89.99682,19.7,231.3,,28.98055,-89.97766,1.4,10,11,LONG_GAP
367419130,2022-03-11 09:48:19+00:00,2022-03-27 02:28:09+00:00,22599.8333,376.6639,28.98093,-89.9777,1.5,224.9,,28.98193,-89.95364,17.7,11,12,LONG_GAP
367419130,2022-03-27 02:43:39+00:00,2022-03-28 09:36:44+00:00,1853.0833,30.8847,29.00862,-90.03492,17.8,292.6,,28.99073,-90.03521,18.7,12,13,LONG_GAP
367419130,2022-03-28 09:50:14+00:00,2022-03-28 18:14:06+00:00,503.8667,8.3978,28.96819,-89.95972,18.7,107.1,,28.99188,-89.95122,18.8,13,14,LONG_GAP
367419770,2022-03-26 07:56:51+00:00,2022-03-26 15:27:12+00:00,450.35,7.5058,28.97721,-89.95145,9.3,108.5,,28.97,-89.95492,9.9,0,1,LONG_GAP
367419770,2022-03-26 15:54:42+00:00,2022-03-26 21:18:08+00:00,323.4333,5.3906,29.00183,-90.03822,10.1,297.0,,28.98616,-90.03773,9.4,1,2,SIGNIFICANT_GAP
367419770,2022-03-26 21:32:27+00:00,2022-03-31 02:19:49+00:00,6047.3667,100.7894,28.96811,-89.99983,9.7,104.8,,29.0117,-89.95169,7.8,2,3,LONG_GAP
367430790,2022-02-06 23:36:43+00:00,2022-03-17 03:01:44+00:00,54925.0167,915.4169,29.01055,-90.03895,4.2,227.2,,29.00388,-90.03864,5.7,0,1,LONG_GAP
367431130,2022-01-19 18:35:29+00:00,2022-01-21 03:30:50+00:00,1975.35,32.9225,29.04019,-89.95071,7.8,95.5,,28.99388,-89.95074,7.7,0,1,LONG_GAP
367431130,2022-01-21 03:59:59+00:00,2022-01-22 21:08:40+00:00,2468.6833,41.1447,29.01052,-90.01899,7.5,288.6,,29.00141,-90.02805,7.8,1,2,LONG_GAP
367431130,2022-01-22 21:41:00+00:00,2022-01-23 18:25:19+00:00,1244.3167,20.7386,28.98321,-89.95148,7.7,104.2,,28.99819,-89.95114,7.7,2,3,LONG_GAP
367438530,2022-01-28 19:28:18+00:00,2022-02-11 23:57:08+00:00,20428.8333,340.4806,29.0119,-90.03317,22.1,235.3,,28.98482,-89.95449,21.9,0,1,LONG_GAP
367442150,2022-01-01 10:16:39+00:00,2022-01-02 00:13:53+00:00,837.2333,13.9539,29.01812,-90.03348,18.6,275.7,283.0,29.01803,-90.03312,18.4,0,1,LONG_GAP
367442150,2022-01-02 00:28:03+00:00,2022-01-04 21:43:12+00:00,4155.15,69.2525,28.99515,-89.95415,18.8,108.3,108.0,28.99573,-89.95243,18.4,1,2,LONG_GAP
367442150,2022-01-04 21:58:11+00:00,2022-01-05 10:29:51+00:00,751.6667,12.5278,29.02218,-90.03403,18.4,292.1,290.0,29.0171,-90.03488,19.3,2,3,LONG_GAP
367442150,2022-01-05 10:44:10+00:00,2022-01-06 12:03:55+00:00,1519.75,25.3292,28.99363,-89.95218,19.2,99.1,99.0,28.98747,-89.95285,19.1,3,4,LONG_GAP
367442150,2022-01-06 12:18:20+00:00,2022-01-08 03:06:28+00:00,2328.1333,38.8022,29.01153,-90.03605,19.0,289.6,291.0,29.02073,-90.03025,18.1,4,5,LONG_GAP
367442150,2022-01-08 03:19:28+00:00,2022-01-12 02:09:04+00:00,5689.6,94.8267,28.99672,-89.95972,18.4,105.4,105.0,28.99982,-89.95113,19.5,5,6,LONG_GAP
367442150,2022-01-12 02:22:39+00:00,2022-01-12 19:18:55+00:00,1016.2667,16.9378,29.01905,-90.03163,18.5,283.1,284.0,29.01327,-90.03343,19.5,6,7,LONG_GAP
367442150,2022-01-12 19:32:13+00:00,2022-01-14 00:11:55+00:00,1719.7,28.6617,28.9948,-89.9526,20.0,107.2,107.0,28.99663,-89.95883,20.6,7,8,LONG_GAP
367442150,2022-01-14 00:24:50+00:00,2022-01-14 20:24:27+00:00,1199.6167,19.9936,29.02097,-90.03832,20.6,289.4,289.0,29.00592,-89.99687,19.4,8,9,LONG_GAP
367442150,2022-01-14 20:32:21+00:00,2022-01-17 20:37:30+00:00,4325.15,72.0858,28.99092,-89.9511,19.3,113.5,118.0,28.99772,-89.95483,20.8,9,10,LONG_GAP
367442150,2022-01-17 20:51:30+00:00,2022-01-22 19:26:01+00:00,7114.5167,118.5753,29.03148,-90.03802,20.6,303.2,308.0,29.03112,-90.03927,18.5,10,11,LONG_GAP
367442150,2022-01-22 19:41:49+00:00,2022-01-24 05:55:01+00:00,2053.2,34.22,29.00095,-89.95142,19.1,107.0,112.0,28.99422,-89.95582,19.5,11,12,LONG_GAP
367442150,2022-01-24 06:09:00+00:00,2022-01-24 10:47:27+00:00,278.45,4.6408,29.01668,-90.03735,19.0,288.7,288.0,29.0142,-90.0392,20.2,12,13,SIGNIFICANT_GAP
367442150,2022-01-24 10:59:57+00:00,2022-01-24 19:53:56+00:00,533.9833,8.8997,28.99593,-89.96185,20.2,105.4,106.0,28.99478,-89.95922,20.4,13,14,LONG_GAP
367442150,2022-01-24 20:06:45+00:00,2022-03-16 14:00:15+00:00,73073.5,1217.8917,29.01828,-90.03432,19.6,295.8,295.0,29.00708,-90.03688,20.5,14,15,LONG_GAP
367442150,2022-03-16 14:14:44+00:00,2022-03-17 23:23:14+00:00,1988.5,33.1417,28.99325,-89.95507,22.2,104.7,104.0,28.99638,-89.95593,21.8,15,16,LONG_GAP
367442150,2022-03-17 23:36:21+00:00,2022-03-19 21:40:13+00:00,2763.8667,46.0644,29.02725,-90.03905,21.6,287.6,286.0,29.01922,-90.03282,20.5,16,17,LONG_GAP
367442150,2022-03-19 21:53:55+00:00,2022-03-20 12:11:31+00:00,857.6,14.2933,28.99515,-89.95002,19.3,103.9,104.0,28.99365,-89.95148,19.4,17,18,LONG_GAP
367454680,2022-01-28 15:57:39+00:00,2022-01-31 12:28:19+00:00,4110.6667,68.5111,29.00881,-89.95229,10.3,103.3,100.0,29.01729,-90.01899,10.1,0,1,LONG_GAP
367454680,2022-01-31 12:28:19+00:00,2022-02-01 20:22:34+00:00,1914.25,31.9042,29.01729,-90.01899,10.1,90.7,91.0,29.00833,-89.95285,9.7,1,2,LONG_GAP
367454680,2022-02-01 20:49:44+00:00,2022-02-02 12:52:33+00:00,962.8167,16.0469,29.01989,-90.03619,9.8,275.8,271.0,29.0203,-90.03707,9.6,2,3,LONG_GAP
367454680,2022-02-02 13:19:54+00:00,2022-02-07 05:42:38+00:00,6742.7333,112.3789,29.01483,-89.95291,9.4,103.5,109.0,29.01206,-89.96688,10.2,3,4,LONG_GAP
367454680,2022-02-07 05:50:48+00:00,2022-02-13 03:05:38+00:00,8474.8333,141.2472,29.01447,-89.99333,10.3,276.2,275.0,29.01743,-90.03806,9.7,4,5,LONG_GAP
367454680,2022-02-13 03:33:48+00:00,2022-02-26 16:59:10+00:00,19525.3667,325.4228,29.01243,-89.95052,9.8,93.1,94.0,29.01003,-89.95209,11.3,5,6,LONG_GAP
367454680,2022-02-26 17:23:20+00:00,2022-02-27 01:03:00+00:00,459.6667,7.6611,29.02292,-90.0343,10.8,276.1,273.0,29.01899,-90.03754,9.1,6,7,LONG_GAP
367454680,2022-02-27 01:33:00+00:00,2022-03-18 15:40:00+00:00,28207.0,470.1167,29.01295,-89.95094,9.2,95.0,96.0,29.01366,-89.9603,9.3,7,8,LONG_GAP
367454680,2022-03-18 16:06:00+00:00,2022-03-19 11:17:52+00:00,1151.8667,19.1978,29.01758,-90.03743,9.3,275.5,274.0,29.01767,-90.0383,9.8,8,9,LONG_GAP
367454680,2022-03-19 11:45:52+00:00,2022-03-28 02:13:45+00:00,12387.8833,206.4647,29.01243,-89.95102,9.8,91.7,89.0,29.01238,-89.95097,9.0,9,10,LONG_GAP
367463990,2022-03-07 08:21:31+00:00,2022-03-08 02:55:50+00:00,1114.3167,18.5719,28.96928,-89.9602,7.2,69.6,,29.00775,-89.95828,8.8,0,1,LONG_GAP
367463990,2022-03-08 03:03:31+00:00,2022-03-14 15:43:55+00:00,9400.4,156.6733,29.02657,-89.95509,9.0,9.2,,28.96842,-89.99143,7.3,1,2,LONG_GAP
367463990,2022-03-14 16:01:15+00:00,2022-03-19 03:13:08+00:00,6431.8833,107.1981,28.97727,-89.95216,7.3,74.4,,29.04254,-90.03657,7.2,2,3,LONG_GAP
367463990,2022-03-19 03:15:39+00:00,2022-03-29 06:55:44+00:00,14620.0833,243.6681,29.03831,-90.03909,6.9,209.8,,28.96823,-90.02897,8.9,3,4,LONG_GAP
367467010,2022-02-18 23:59:41+00:00,2022-03-02 19:58:54+00:00,17039.2167,283.9869,29.02123,-89.95988,20.3,96.1,,28.99831,-89.95335,14.6,0,1,LONG_GAP
367471760,2022-02-27 00:19:50+00:00,2022-02-28 12:29:01+00:00,2169.1833,36.1531,28.97823,-89.96027,2.9,227.8,,28.97689,-89.96124,2.6,0,1,LONG_GAP
367471760,2022-02-28 12:40:32+00:00,2022-03-01 08:28:24+00:00,1187.8667,19.7978,28.98113,-89.95305,2.8,59.9,,28.98173,-89.95225,2.7,1,2,LONG_GAP
367471840,2022-01-12 15:49:13+00:00,2022-01-13 03:30:47+00:00,701.5667,11.6928,28.96874,-89.99223,20.6,123.3,122.0,28.96916,-89.97841,22.0,0,1,LONG_GAP
367471840,2022-01-13 03:40:13+00:00,2022-01-31 23:33:00+00:00,27112.7833,451.8797,28.98966,-90.03869,22.3,282.6,279.0,28.96825,-89.96847,21.6,1,2,LONG_GAP
367471840,2022-01-31 23:44:07+00:00,2022-02-07 20:52:19+00:00,9908.2,165.1367,28.99482,-90.03696,21.1,295.4,292.0,28.97317,-90.03895,18.9,2,3,LONG_GAP
367471840,2022-02-07 20:55:08+00:00,2022-02-08 20:20:45+00:00,1405.6167,23.4269,28.96941,-90.02272,18.9,107.5,104.0,28.96926,-89.98105,18.9,3,4,LONG_GAP
367471840,2022-02-08 20:30:51+00:00,2022-02-09 20:37:51+00:00,1447.0,24.1167,28.98215,-90.0386,19.0,304.1,301.0,28.98526,-90.02235,19.3,4,5,LONG_GAP
367471840,2022-02-09 20:44:07+00:00,2022-02-10 11:35:27+00:00,891.3333,14.8556,28.97019,-89.98873,19.2,122.9,121.0,28.97239,-89.98731,18.7,5,6,LONG_GAP
367471840,2022-02-10 11:35:27+00:00,2022-02-10 17:01:27+00:00,326.0,5.4333,28.97239,-89.98731,18.7,299.9,297.0,28.98808,-90.03469,19.6,6,7,SIGNIFICANT_GAP
367471840,2022-02-10 17:11:46+00:00,2022-02-11 12:17:46+00:00,1146.0,19.1,28.9712,-89.97331,19.9,124.3,123.0,28.96967,-90.01066,19.3,7,8,LONG_GAP
367471840,2022-02-11 12:22:22+00:00,2022-03-01 17:04:08+00:00,26201.7667,436.6961,28.9811,-90.03542,19.3,293.2,291.0,28.99503,-90.03534,18.4,8,9,LONG_GAP
367471840,2022-03-01 17:12:52+00:00,2022-03-02 11:11:46+00:00,1078.9,17.9817,28.97064,-89.99249,18.7,120.0,118.0,28.96985,-89.99101,19.5,9,10,LONG_GAP
367471840,2022-03-02 11:19:21+00:00,2022-03-09 11:01:47+00:00,10062.4333,167.7072,28.9894,-90.03206,19.6,299.4,299.0,28.97019,-89.9862,19.5,10,11,LONG_GAP
367471840,2022-03-09 11:12:06+00:00,2022-03-29 11:01:11+00:00,28789.0833,479.8181,28.99674,-90.03913,19.5,294.5,297.0,28.98172,-90.03838,19.8,11,12,LONG_GAP
367471840,2022-03-29 11:04:02+00:00,2022-03-30 06:22:19+00:00,1158.2833,19.3047,28.97362,-90.02332,19.9,120.0,118.0,28.9701,-89.98574,18.5,12,13,LONG_GAP
367477290,2022-03-11 16:33:49+00:00,2022-03-19 22:18:10+00:00,11864.35,197.7392,29.03816,-90.0379,8.7,314.6,,29.03462,-89.95008,2.9,0,1,LONG_GAP
367486440,2021-12-31 00:42:00+00:00,2021-12-31 12:19:00+00:00,697.0,11.6167,28.97181,-89.95223,18.8,98.6,97.0,28.96859,-89.95352,19.6,0,1,LONG_GAP
367486440,2021-12-31 12:33:42+00:00,2022-01-05 02:05:18+00:00,6571.6,109.5267,28.99616,-90.03658,19.7,297.5,295.0,28.97317,-89.98067,17.8,1,2,LONG_GAP
367486440,2022-01-05 02:16:18+00:00,2022-01-09 19:45:01+00:00,6808.7167,113.4786,28.98895,-90.03889,17.8,288.9,287.0,29.00542,-90.03314,19.0,2,3,LONG_GAP
367486440,2022-01-09 19:59:02+00:00,2022-01-10 06:45:18+00:00,646.2667,10.7711,28.97974,-89.95486,18.7,111.5,109.0,28.96888,-89.96595,18.7,3,4,LONG_GAP
367486440,2022-01-10 06:56:12+00:00,2022-01-12 17:51:41+00:00,3535.4833,58.9247,28.98074,-90.03113,18.1,286.6,286.0,28.97332,-90.03833,16.8,4,5,LONG_GAP
367486440,2022-01-12 17:53:04+00:00,2022-01-14 03:18:56+00:00,2005.8667,33.4311,28.97012,-90.03181,17.1,120.5,119.0,28.97263,-90.02151,16.9,5,6,LONG_GAP
367486440,2022-01-14 03:21:20+00:00,2022-01-30 19:33:05+00:00,24011.75,400.1958,28.9785,-90.03265,17.1,300.6,299.0,28.9823,-90.03665,17.6,6,7,LONG_GAP
367486440,2022-01-30 19:33:05+00:00,2022-01-31 05:32:29+00:00,599.4,9.99,28.9823,-90.03665,17.6,301.3,299.0,28.99094,-89.99705,18.6,7,8,LONG_GAP
367486440,2022-01-31 05:36:57+00:00,2022-01-31 21:16:21+00:00,939.4,15.6567,28.98428,-89.97207,18.5,114.0,111.0,29.00634,-90.00082,18.3,8,9,LONG_GAP
367486440,2022-01-31 21:22:03+00:00,2022-02-18 13:31:53+00:00,25449.8333,424.1639,29.01353,-90.03269,18.3,286.6,282.0,28.97622,-90.0354,18.1,9,10,LONG_GAP
367486440,2022-02-18 13:34:10+00:00,2022-02-22 10:17:18+00:00,5563.1333,92.7189,28.97034,-90.02423,18.4,133.2,129.0,28.96825,-89.97741,19.5,10,11,LONG_GAP
367486440,2022-02-22 10:27:24+00:00,2022-02-24 16:10:21+00:00,3222.95,53.7158,28.98582,-90.03758,19.7,289.0,286.0,28.98235,-90.03597,17.5,11,12,LONG_GAP
367486440,2022-02-24 16:14:51+00:00,2022-02-27 20:30:44+00:00,4575.8833,76.2647,28.97024,-90.01475,17.6,122.5,123.0,28.98397,-89.95287,18.8,12,13,LONG_GAP
367486440,2022-02-27 20:41:15+00:00,2022-03-08 19:07:04+00:00,12865.8167,214.4303,28.99551,-90.01222,18.1,284.0,285.0,28.97785,-90.03708,19.2,13,14,LONG_GAP
367486440,2022-03-08 19:07:04+00:00,2022-03-09 06:05:37+00:00,658.55,10.9758,28.97785,-90.03708,19.2,297.4,296.0,28.97223,-90.03591,18.3,14,15,LONG_GAP
367486440,2022-03-09 06:06:43+00:00,2022-03-09 22:05:45+00:00,959.0333,15.9839,28.96978,-90.03014,18.7,123.1,118.0,28.96837,-89.97816,19.8,15,16,LONG_GAP
367486440,2022-03-09 22:15:50+00:00,2022-03-11 06:55:42+00:00,1959.8667,32.6644,28.98859,-90.0356,19.2,296.0,294.0,28.96914,-89.98285,19.0,16,17,LONG_GAP
367486440,2022-03-11 07:05:31+00:00,2022-03-15 04:59:09+00:00,5633.6333,93.8939,28.99122,-90.03647,19.4,300.5,300.0,28.98239,-90.03587,18.9,17,18,LONG_GAP
367486440,2022-03-15 05:03:22+00:00,2022-03-16 02:41:34+00:00,1298.2,21.6367,28.9704,-90.01622,17.5,126.1,126.0,28.97022,-89.98289,18.3,18,19,LONG_GAP
367486440,2022-03-16 02:52:52+00:00,2022-03-17 10:26:58+00:00,1894.1,31.5683,28.99686,-90.03739,17.2,298.8,295.0,29.04021,-90.03471,19.3,19,20,LONG_GAP
367486440,2022-03-17 10:41:40+00:00,2022-03-18 00:10:11+00:00,808.5167,13.4753,29.01276,-89.95066,19.3,114.8,113.0,28.97017,-89.95518,18.9,20,21,LONG_GAP
367486440,2022-03-18 00:24:24+00:00,2022-03-20 01:47:19+00:00,2962.9167,49.3819,28.99762,-90.03373,18.6,285.1,282.0,28.96937,-89.98421,19.0,21,22,LONG_GAP
367486440,2022-03-20 01:57:25+00:00,2022-03-20 12:16:26+00:00,619.0167,10.3169,28.98586,-90.03892,18.3,279.3,275.0,28.97139,-90.03436,18.1,22,23,LONG_GAP
367486440,2022-03-20 12:17:27+00:00,2022-03-23 22:41:39+00:00,4944.2,82.4033,28.96948,-90.029,18.1,120.0,113.0,28.97647,-90.03677,19.3,23,24,LONG_GAP
367486440,2022-03-23 22:43:48+00:00,2022-03-24 11:32:53+00:00,769.0833,12.8181,28.97073,-90.02633,18.4,122.8,113.0,28.96958,-90.0353,18.8,24,25,LONG_GAP
367486440,2022-03-24 11:32:53+00:00,2022-03-25 07:21:45+00:00,1188.8667,19.8144,28.96958,-90.0353,18.8,298.0,298.0,28.97429,-90.0368,19.8,25,26,LONG_GAP
367486440,2022-03-25 07:22:49+00:00,2022-03-26 00:06:45+00:00,1003.9333,16.7322,28.97123,-90.03108,18.9,119.9,116.0,28.96837,-89.98187,17.0,26,27,LONG_GAP
367510030,2022-01-23 20:53:35+00:00,2022-02-08 19:23:05+00:00,22949.5,382.4917,28.97117,-90.00873,9.8,306.3,,28.97504,-90.03697,9.1,0,1,LONG_GAP
367510030,2022-02-08 19:26:45+00:00,2022-02-21 11:27:28+00:00,18240.7167,304.0119,28.96997,-90.02826,9.2,121.4,,28.9711,-90.02033,10.0,1,2,LONG_GAP
367535850,2022-01-06 16:40:14+00:00,2022-01-13 17:41:00+00:00,10140.7667,169.0128,28.9699,-89.9872,22.3,122.9,123.0,28.9698,-90.0199,22.8,0,1,LONG_GAP
367535850,2022-01-13 17:41:00+00:00,2022-01-14 13:41:23+00:00,1200.3833,20.0064,28.9698,-90.0199,22.8,124.4,125.0,28.9795,-90.0354,19.2,1,2,LONG_GAP
367535850,2022-01-14 13:44:41+00:00,2022-01-19 15:36:00+00:00,7311.3167,121.8553,28.9701,-90.01827,19.5,124.0,121.0,28.96835,-90.01578,21.1,2,3,LONG_GAP
367535850,2022-01-19 15:39:31+00:00,2022-01-23 23:19:33+00:00,6220.0333,103.6672,28.97872,-90.03595,21.2,299.9,303.0,28.96952,-90.0165,22.1,3,4,LONG_GAP
367535850,2022-01-23 23:22:27+00:00,2022-01-25 13:06:12+00:00,2263.75,37.7292,28.97832,-90.03405,22.2,299.2,300.0,28.97128,-90.02265,22.8,4,5,LONG_GAP
367535850,2022-01-25 13:07:18+00:00,2022-02-19 20:16:43+00:00,36429.4167,607.1569,28.97477,-90.0295,22.6,299.9,301.0,28.96955,-90.01575,20.5,5,6,LONG_GAP
367536940,2022-03-28 20:51:21+00:00,2022-03-30 05:32:13+00:00,1960.8667,32.6811,28.97143,-89.95126,8.7,106.6,,28.97187,-89.95204,8.8,0,1,LONG_GAP
367537260,2022-01-05 04:44:12+00:00,2022-01-06 08:43:26+00:00,1679.2333,27.9872,29.03682,-89.94999,2.6,157.6,,29.00902,-90.03906,3.1,0,1,LONG_GAP
367537260,2022-01-06 09:52:55+00:00,2022-01-08 10:27:29+00:00,2914.5667,48.5761,28.99911,-90.03883,3.0,228.0,,29.03648,-90.03741,3.5,1,2,LONG_GAP
367537260,2022-01-08 10:39:00+00:00,2022-01-08 16:06:53+00:00,327.8833,5.4647,29.04284,-90.03075,2.4,53.3,,29.03336,-90.03873,3.6,2,3,SIGNIFICANT_GAP
367537260,2022-01-08 17:15:13+00:00,2022-01-08 19:40:15+00:00,145.0333,2.4172,29.02032,-90.03865,3.1,248.2,,29.02976,-90.03827,3.0,3,4,SIGNIFICANT_GAP
367537260,2022-01-08 20:08:43+00:00,2022-01-09 01:09:37+00:00,300.9,5.015,29.04292,-90.0168,2.8,61.2,,29.03671,-90.03872,3.1,4,5,SIGNIFICANT_GAP
367537990,2022-03-15 00:42:21+00:00,2022-03-15 01:00:21+00:00,18.0,0.3,29.03017,-90.00929,0.1,336.6,,29.03024,-90.00926,0.3,0,1,SHORT_GAP
367537990,2022-03-15 01:24:21+00:00,2022-03-15 02:15:21+00:00,51.0,0.85,29.0304,-90.00922,0.1,324.2,,29.03046,-90.00915,0.2,1,2,SHORT_GAP
367537990,2022-03-15 02:27:20+00:00,2022-03-15 03:12:21+00:00,45.0167,0.7503,29.03047,-90.00914,0.3,204.4,,29.03051,-90.00912,0.4,2,3,SHORT_GAP
367537990,2022-03-15 03:24:22+00:00,2022-03-15 05:33:20+00:00,128.9667,2.1494,29.0305,-90.00913,0.2,343.9,,29.03065,-90.00898,0.4,3,4,SIGNIFICANT_GAP
367537990,2022-03-15 05:33:20+00:00,2022-03-15 07:42:21+00:00,129.0167,2.1503,29.03065,-90.00898,0.4,108.3,,29.03081,-90.00867,0.1,4,5,SIGNIFICANT_GAP
367537990,2022-03-15 07:42:21+00:00,2022-03-15 08:00:21+00:00,18.0,0.3,29.03081,-90.00867,0.1,283.5,,29.03079,-90.00873,0.4,5,6,SHORT_GAP
367537990,2022-03-15 08:00:21+00:00,2022-03-15 08:18:21+00:00,18.0,0.3,29.03079,-90.00873,0.4,347.4,,29.03073,-90.00885,0.6,6,7,SHORT_GAP
367537990,2022-03-15 08:33:20+00:00,2022-03-15 09:06:21+00:00,33.0167,0.5503,29.03071,-90.00892,0.2,254.2,,29.03084,-90.00866,0.1,7,8,SHORT_GAP
367537990,2022-03-15 09:12:21+00:00,2022-03-15 09:36:23+00:00,24.0333,0.4006,29.03085,-90.00861,0.2,98.4,,29.03087,-90.00848,0.1,8,9,SHORT_GAP
367537990,2022-03-15 09:36:23+00:00,2022-03-15 14:04:26+00:00,268.05,4.4675,29.03087,-90.00848,0.1,80.6,,29.02969,-90.00628,0.3,9,10,SIGNIFICANT_GAP
367537990,2022-03-15 14:04:26+00:00,2022-03-15 14:34:27+00:00,30.0167,0.5003,29.02969,-90.00628,0.3,348.8,,29.02963,-90.00633,0.8,10,11,SHORT_GAP
367537990,2022-03-15 14:34:27+00:00,2022-03-15 14:52:27+00:00,18.0,0.3,29.02963,-90.00633,0.8,37.5,,29.02963,-90.00634,0.4,11,12,SHORT_GAP
367537990,2022-03-15 16:19:52+00:00,2022-03-15 16:37:53+00:00,18.0167,0.3003,29.02994,-90.00611,0.7,335.5,,29.0298,-90.00617,0.1,12,13,SHORT_GAP
367537990,2022-03-15 16:37:53+00:00,2022-03-15 16:55:53+00:00,18.0,0.3,29.0298,-90.00617,0.1,187.3,,29.03001,-90.00603,0.3,13,14,SHORT_GAP
367537990,2022-03-15 17:07:52+00:00,2022-03-15 17:28:53+00:00,21.0167,0.3503,29.03007,-90.00599,0.2,237.6,,29.02996,-90.00604,0.3,14,15,SHORT_GAP
367537990,2022-03-15 17:28:53+00:00,2022-03-18 02:40:31+00:00,3431.6333,57.1939,29.02996,-90.00604,0.3,21.1,,28.99997,-90.03916,2.9,15,16,LONG_GAP
367537990,2022-03-18 04:22:33+00:00,2022-03-18 17:08:29+00:00,765.9333,12.7656,29.02581,-89.95336,3.0,83.5,,29.03909,-89.95225,2.5,16,17,LONG_GAP
367537990,2022-03-18 17:08:29+00:00,2022-03-18 17:39:28+00:00,30.9833,0.5164,29.03909,-89.95225,2.5,224.6,,29.02212,-89.9578,3.1,17,18,SHORT_GAP
367537990,2022-03-18 17:39:28+00:00,2022-03-18 22:58:04+00:00,318.6,5.31,29.02212,-89.9578,3.1,87.7,,29.04327,-89.97819,3.2,18,19,SIGNIFICANT_GAP
367537990,2022-03-18 23:24:28+00:00,2022-03-25 02:51:46+00:00,8847.3,147.455,29.04343,-89.9937,1.0,308.6,,28.9955,-90.03708,3.2,19,20,LONG_GAP
367537990,2022-03-25 02:51:46+00:00,2022-03-25 04:16:30+00:00,84.7333,1.4122,28.9955,-90.03708,3.2,57.8,,29.03064,-89.96443,3.2,20,21,SIGNIFICANT_GAP
367537990,2022-03-25 04:16:30+00:00,2022-03-25 09:03:00+00:00,286.5,4.775,29.03064,-89.96443,3.2,66.9,,29.01156,-89.9851,3.1,21,22,SIGNIFICANT_GAP
367537990,2022-03-25 09:38:30+00:00,2022-03-25 10:35:57+00:00,57.45,0.9575,29.01868,-89.95306,2.9,77.8,,29.02623,-89.96037,1.0,22,23,SHORT_GAP
367537990,2022-03-25 10:35:57+00:00,2022-03-25 11:41:25+00:00,65.4667,1.0911,29.02623,-89.96037,1.0,156.6,,29.02467,-89.95927,0.5,23,24,SIGNIFICANT_GAP
367537990,2022-03-25 11:53:24+00:00,2022-03-25 13:01:17+00:00,67.8833,1.1314,29.02462,-89.95929,0.3,214.0,,29.02422,-89.96391,4.7,24,25,SIGNIFICANT_GAP
367537990,2022-03-25 13:07:46+00:00,2022-03-25 14:04:16+00:00,56.5,0.9417,29.02201,-89.96979,3.0,251.0,,29.01137,-90.01824,2.9,25,26,SHORT_GAP
367543570,2022-01-18 01:47:33+00:00,2022-01-18 09:52:35+00:00,485.0333,8.0839,29.00243,-89.95614,19.0,106.2,,29.00005,-89.95231,18.9,0,1,LONG_GAP
367543570,2022-01-18 09:58:24+00:00,2022-01-27 20:53:09+00:00,13614.75,226.9125,29.00739,-89.98612,18.8,283.6,,29.02683,-89.95298,21.5,1,2,LONG_GAP
367543570,2022-01-27 21:06:10+00:00,2022-03-26 00:39:52+00:00,82293.7,1371.5617,29.03903,-90.03363,19.8,288.2,,28.96817,-90.00344,18.4,2,3,LONG_GAP
367545860,2022-03-01 04:08:52+00:00,2022-03-02 16:51:42+00:00,2202.8333,36.7139,29.00892,-89.95145,8.8,84.0,,29.01907,-89.95023,9.7,0,1,LONG_GAP
367556730,2022-01-10 20:32:15+00:00,2022-01-25 20:55:08+00:00,21622.8833,360.3814,29.02678,-90.0363,10.6,260.2,259.0,28.96849,-89.98518,10.5,0,1,LONG_GAP
367556730,2022-01-25 21:11:19+00:00,2022-01-27 04:54:59+00:00,1903.6667,31.7278,28.98215,-90.03673,10.9,275.1,278.0,28.9696,-90.02959,8.8,1,2,LONG_GAP
367556730,2022-01-27 04:56:08+00:00,2022-01-31 02:56:50+00:00,5640.7,94.0117,28.9687,-90.02653,8.7,113.3,106.0,28.96915,-90.02668,10.2,2,3,LONG_GAP
367556730,2022-01-31 02:59:49+00:00,2022-03-03 22:51:53+00:00,45832.0667,763.8678,28.97136,-90.036,10.1,284.2,282.0,28.98494,-90.03751,9.5,3,4,LONG_GAP
367556730,2022-03-03 23:26:13+00:00,2022-03-09 01:26:44+00:00,7320.5167,122.0086,28.96815,-89.98248,9.8,125.6,122.0,28.98595,-90.03476,9.9,4,5,LONG_GAP
367556730,2022-03-09 01:46:54+00:00,2022-03-10 05:03:26+00:00,1636.5333,27.2756,28.96908,-89.97951,9.1,123.4,131.0,28.96852,-90.01481,11.6,5,6,LONG_GAP
367556730,2022-03-10 05:10:15+00:00,2022-03-18 21:23:27+00:00,12493.2,208.22,28.97587,-90.03786,11.6,277.4,274.0,28.99942,-90.03693,11.0,6,7,LONG_GAP
367556730,2022-03-18 21:47:36+00:00,2022-03-20 07:54:48+00:00,2047.2,34.12,28.96809,-89.95817,11.2,108.1,110.0,28.969,-89.95928,10.9,7,8,LONG_GAP
367556730,2022-03-20 08:18:18+00:00,2022-03-22 06:26:23+00:00,2768.0833,46.1347,28.99558,-90.03704,11.1,290.1,293.0,28.96869,-89.97543,11.3,8,9,LONG_GAP
367566040,2022-01-08 19:50:21+00:00,2022-01-08 23:25:10+00:00,214.8167,3.5803,28.96853,-89.95792,19.1,109.1,113.0,28.97052,-90.0146,20.6,0,1,SIGNIFICANT_GAP
367566040,2022-01-08 23:29:07+00:00,2022-01-23 07:16:39+00:00,20627.5333,343.7922,28.978,-90.03678,20.7,280.9,288.0,28.99102,-90.03358,17.8,1,2,LONG_GAP
367566040,2022-01-23 07:31:34+00:00,2022-01-23 20:13:22+00:00,761.8,12.6967,28.96948,-89.95348,17.7,105.3,108.0,28.99107,-89.97208,18.8,2,3,LONG_GAP
367566040,2022-01-23 20:24:39+00:00,2022-01-24 07:11:53+00:00,647.2333,10.7872,29.01108,-90.03478,18.6,290.5,292.0,29.0055,-90.034,20.0,3,4,LONG_GAP
367566040,2022-01-24 07:25:46+00:00,2022-01-24 23:29:09+00:00,963.3833,16.0564,28.96932,-89.95692,19.8,110.8,114.0,28.9696,-89.95952,19.4,4,5,LONG_GAP
367566040,2022-01-24 23:41:56+00:00,2022-01-25 07:10:31+00:00,448.5833,7.4764,28.9957,-90.03205,19.2,294.0,295.0,28.99983,-90.03898,19.2,5,6,LONG_GAP
367566040,2022-01-25 07:23:36+00:00,2022-01-26 01:23:51+00:00,1080.25,18.0042,28.9709,-89.96618,19.1,114.3,120.0,28.96908,-89.97683,21.0,6,7,LONG_GAP
367566040,2022-01-26 01:34:17+00:00,2022-02-21 08:31:24+00:00,37857.1167,630.9519,28.99813,-90.03617,19.8,296.5,301.0,29.01203,-90.0354,19.8,7,8,LONG_GAP
367566040,2022-02-21 08:45:26+00:00,2022-02-21 18:07:05+00:00,561.65,9.3608,28.98133,-89.95657,19.8,103.9,107.0,28.9686,-89.97158,22.0,8,9,LONG_GAP
367566040,2022-02-21 18:18:56+00:00,2022-02-28 07:44:39+00:00,9445.7167,157.4286,28.9869,-90.03403,20.7,285.8,290.0,29.00948,-90.0386,19.9,9,10,LONG_GAP
367566040,2022-02-28 07:59:03+00:00,2022-03-01 04:49:01+00:00,1249.9667,20.8328,28.96875,-89.96218,19.7,108.9,114.0,28.97112,-89.97763,20.8,10,11,LONG_GAP
367566040,2022-03-01 04:57:42+00:00,2022-03-01 09:08:37+00:00,250.9167,4.1819,28.986,-90.0279,20.7,289.8,292.0,29.01023,-90.03707,20.3,11,12,SIGNIFICANT_GAP
367566040,2022-03-01 09:23:36+00:00,2022-03-01 20:51:48+00:00,688.2,11.47,28.9681,-89.9545,20.4,106.2,106.0,28.9682,-89.95738,22.2,12,13,LONG_GAP
367566040,2022-03-01 21:03:01+00:00,2022-03-02 06:11:07+00:00,548.1,9.135,28.99072,-90.03243,22.2,288.7,291.0,28.99603,-90.03192,20.7,13,14,LONG_GAP
367566040,2022-03-02 06:22:49+00:00,2022-03-02 19:20:21+00:00,777.5333,12.9589,28.9719,-89.95953,21.0,106.9,110.0,28.96935,-89.97217,22.1,14,15,LONG_GAP
367566040,2022-03-02 19:29:15+00:00,2022-03-03 06:13:26+00:00,644.1833,10.7364,28.98648,-90.03167,22.0,288.4,291.0,28.9993,-90.03905,21.0,15,16,LONG_GAP
367566040,2022-03-03 06:27:38+00:00,2022-03-04 03:52:51+00:00,1285.2167,21.4203,28.9697,-89.95077,21.1,102.1,106.0,28.96907,-89.95202,22.0,16,17,LONG_GAP
367566040,2022-03-04 04:05:03+00:00,2022-03-08 23:45:20+00:00,6940.2833,115.6714,28.99033,-90.03337,21.8,286.7,288.0,28.98492,-89.94978,23.7,17,18,LONG_GAP
367566040,2022-03-08 23:58:44+00:00,2022-03-15 04:23:48+00:00,8905.0667,148.4178,29.00315,-90.03683,23.0,288.1,290.0,28.96837,-89.95465,21.2,18,19,LONG_GAP
367566040,2022-03-15 04:37:06+00:00,2022-03-20 05:37:13+00:00,7260.1167,121.0019,28.9959,-90.03645,20.7,293.5,300.0,29.01038,-90.03363,18.9,19,20,LONG_GAP
367569030,2022-02-14 20:59:20+00:00,2022-02-15 19:47:49+00:00,1368.4833,22.8081,29.00111,-89.95091,8.9,108.0,,29.01025,-89.95171,8.7,0,1,LONG_GAP
367569030,2022-02-15 20:20:48+00:00,2022-02-21 23:44:23+00:00,8843.5833,147.3931,29.02779,-90.03911,8.6,285.0,,29.01422,-90.03104,8.3,1,2,LONG_GAP
367569030,2022-02-22 00:14:51+00:00,2022-02-25 00:54:12+00:00,4359.35,72.6558,29.01839,-89.94996,8.4,96.8,,28.9908,-89.96204,9.5,2,3,LONG_GAP
367569030,2022-02-25 01:16:33+00:00,2022-02-27 10:57:38+00:00,3461.0833,57.6847,28.98337,-90.02936,10.0,278.2,,29.00124,-90.02191,8.2,3,4,LONG_GAP
367569030,2022-02-27 11:06:37+00:00,2022-02-27 11:22:59+00:00,16.3667,0.2728,28.9926,-90.00035,8.4,111.2,,28.98068,-89.95979,8.0,4,5,SHORT_GAP
367569030,2022-02-27 11:25:07+00:00,2022-03-03 22:38:56+00:00,6433.8167,107.2303,28.97902,-89.95463,8.1,114.1,,28.97603,-89.95061,10.3,5,6,LONG_GAP
367569030,2022-03-03 23:05:45+00:00,2022-03-04 08:58:06+00:00,592.35,9.8725,28.99089,-90.03749,10.5,284.5,,28.99851,-90.03502,8.4,6,7,LONG_GAP
367569030,2022-03-04 09:27:56+00:00,2022-03-05 23:00:15+00:00,2252.3167,37.5386,28.96851,-89.96444,8.3,112.9,,29.03209,-89.94978,9.7,7,8,LONG_GAP
367569030,2022-03-05 23:29:45+00:00,2022-03-08 10:50:47+00:00,3561.0333,59.3506,29.04024,-90.0374,8.7,249.3,,28.99385,-90.00514,7.0,8,9,LONG_GAP
367569030,2022-03-08 11:13:46+00:00,2022-03-12 03:53:28+00:00,5319.7,88.6617,28.98037,-89.95476,7.1,102.8,,28.96909,-89.95197,9.0,9,10,LONG_GAP
367569030,2022-03-12 04:22:58+00:00,2022-03-17 06:32:33+00:00,7329.5833,122.1597,28.97973,-90.03526,9.0,278.6,,29.002,-90.03599,9.3,10,11,LONG_GAP
367569030,2022-03-17 07:04:12+00:00,2022-03-18 05:18:53+00:00,1334.6833,22.2447,28.9774,-89.95028,8.9,111.7,,28.99124,-89.95186,8.4,11,12,LONG_GAP
367569030,2022-03-18 05:52:22+00:00,2022-03-19 10:09:02+00:00,1696.6667,28.2778,29.01448,-90.03876,8.6,288.9,,28.99457,-90.03856,8.0,12,13,LONG_GAP
367569030,2022-03-19 10:33:42+00:00,2022-03-20 07:36:02+00:00,1262.3333,21.0389,28.96921,-89.98188,8.2,114.7,,28.97819,-89.95171,8.7,13,14,LONG_GAP
367569850,2022-02-08 02:08:21+00:00,2022-02-08 15:31:22+00:00,803.0167,13.3836,29.00388,-89.96554,9.6,100.9,,29.00124,-89.95142,10.3,0,1,LONG_GAP
367569850,2022-02-08 15:57:02+00:00,2022-02-19 03:14:40+00:00,15077.6333,251.2939,29.02502,-90.03157,10.5,298.6,,29.01627,-90.03764,9.8,1,2,LONG_GAP
367569850,2022-02-19 03:43:20+00:00,2022-02-19 11:23:11+00:00,459.85,7.6642,28.99478,-89.95377,9.2,112.3,,29.02238,-89.95282,10.0,2,3,LONG_GAP
367569850,2022-02-19 11:48:32+00:00,2022-03-03 18:35:59+00:00,17687.45,294.7908,29.02448,-90.03444,10.4,266.8,,29.03526,-90.02794,9.4,3,4,LONG_GAP
367569850,2022-03-03 18:59:10+00:00,2022-03-06 07:33:59+00:00,3634.8167,60.5803,29.02583,-89.96004,9.5,105.7,,28.99173,-89.95548,11.5,4,5,LONG_GAP
367569850,2022-03-06 07:57:19+00:00,2022-03-10 23:45:09+00:00,6707.8333,111.7972,29.0029,-90.03557,10.8,290.8,,29.02726,-90.03764,8.4,5,6,LONG_GAP
367569850,2022-03-11 00:16:19+00:00,2022-03-11 09:08:07+00:00,531.8,8.8633,29.01303,-89.9518,9.4,102.6,,29.00055,-89.95646,11.2,6,7,LONG_GAP
367569850,2022-03-11 09:28:07+00:00,2022-03-11 17:19:17+00:00,471.1667,7.8528,29.01774,-90.02141,10.5,282.6,,29.0298,-90.03708,9.3,7,8,LONG_GAP
367571450,2022-02-11 06:21:19+00:00,2022-02-18 22:09:30+00:00,11028.1833,183.8031,29.03825,-90.03764,18.9,292.0,,29.02396,-90.03348,17.5,0,1,LONG_GAP
367580190,2022-03-03 17:45:25+00:00,2022-03-12 04:28:35+00:00,12163.1667,202.7194,28.99776,-90.03385,19.3,302.7,306.0,28.96891,-89.95921,18.2,0,1,LONG_GAP
367582020,2021-12-31 08:33:40+00:00,2021-12-31 21:53:49+00:00,800.15,13.3358,28.96843,-89.95198,8.3,102.0,98.0,28.97065,-89.95223,8.4,0,1,LONG_GAP
367582020,2021-12-31 22:27:29+00:00,2022-01-12 12:23:32+00:00,16676.05,277.9342,28.98174,-90.03816,7.9,277.8,274.0,28.97012,-90.03681,7.8,1,2,LONG_GAP
367582020,2022-01-12 12:30:41+00:00,2022-01-14 00:40:32+00:00,2169.85,36.1642,28.96806,-90.01934,7.8,103.7,103.0,28.96859,-90.03623,8.3,2,3,LONG_GAP
367590950,2022-03-24 17:59:30+00:00,2022-03-24 22:13:16+00:00,253.7667,4.2294,29.0294,-90.03868,12.9,289.2,,29.00623,-90.03462,13.4,0,1,SIGNIFICANT_GAP
367598990,2022-01-16 17:47:02+00:00,2022-01-21 13:11:18+00:00,6924.2667,115.4044,28.96913,-89.96385,10.8,113.2,,28.98902,-89.95224,9.7,0,1,LONG_GAP
367598990,2022-01-21 13:39:04+00:00,2022-01-28 18:03:48+00:00,10344.7333,172.4122,29.00293,-90.03714,9.8,294.6,,28.9859,-90.03464,10.0,1,2,LONG_GAP
367598990,2022-01-28 18:03:48+00:00,2022-01-28 18:19:48+00:00,16.0,0.2667,28.9859,-90.03464,10.0,121.4,,28.97143,-89.98848,9.9,2,3,SHORT_GAP
367598990,2022-01-28 18:25:28+00:00,2022-02-07 20:49:02+00:00,14543.5667,242.3928,28.96826,-89.9713,9.9,101.9,,28.96907,-89.96785,10.5,3,4,LONG_GAP
367598990,2022-02-07 20:59:31+00:00,2022-02-12 16:23:46+00:00,6924.25,115.4042,28.98118,-90.0001,10.6,291.4,,28.98826,-90.03898,10.3,4,5,LONG_GAP
367598990,2022-02-12 16:39:56+00:00,2022-02-21 18:19:09+00:00,13059.2167,217.6536,28.96993,-89.99408,9.8,162.1,,28.96835,-89.96917,11.2,5,6,LONG_GAP
367598990,2022-02-21 18:41:10+00:00,2022-02-22 23:19:51+00:00,1718.6833,28.6447,28.99257,-90.0375,9.5,292.9,,28.98561,-90.03374,8.6,6,7,LONG_GAP
367598990,2022-02-22 23:50:50+00:00,2022-02-26 06:47:07+00:00,4736.2833,78.9381,28.97163,-89.95145,8.3,107.3,,28.97777,-89.99339,10.2,7,8,LONG_GAP
367598990,2022-02-26 07:01:58+00:00,2022-02-26 15:25:21+00:00,503.3833,8.3897,28.99576,-90.03685,10.4,289.4,,28.97624,-90.00793,8.2,8,9,LONG_GAP
367598990,2022-02-26 15:39:42+00:00,2022-03-04 09:07:24+00:00,8247.7,137.4617,28.96942,-89.97097,8.4,95.6,,29.03675,-89.95395,9.8,9,10,LONG_GAP
367598990,2022-03-04 09:24:23+00:00,2022-03-11 16:41:49+00:00,10517.4333,175.2906,29.04311,-90.00616,9.8,279.2,,28.98837,-90.03914,8.5,10,11,LONG_GAP
367598990,2022-03-11 17:05:49+00:00,2022-03-17 15:08:38+00:00,8522.8167,142.0469,28.96861,-89.97853,8.4,101.2,,28.96804,-89.95396,10.2,11,12,LONG_GAP
367600580,2022-02-26 22:17:36+00:00,2022-03-25 22:28:40+00:00,38891.0667,648.1844,28.96918,-90.01938,20.4,115.2,113.0,28.99993,-89.94998,20.9,0,1,LONG_GAP
367601420,2022-02-22 19:58:21+00:00,2022-02-22 20:20:41+00:00,22.3333,0.3722,29.01142,-89.96169,8.5,270.9,,29.00966,-90.02748,9.9,0,1,SHORT_GAP
367602240,2022-02-06 03:38:22+00:00,2022-02-08 00:52:31+00:00,2714.15,45.2358,28.97068,-89.95336,11.0,108.0,106.0,28.97889,-89.9533,11.5,0,1,LONG_GAP
367602240,2022-02-08 01:02:10+00:00,2022-02-14 20:15:40+00:00,9793.5,163.225,28.98829,-89.98688,11.4,287.7,284.0,29.01846,-90.03888,11.9,1,2,LONG_GAP
367602240,2022-02-14 20:39:21+00:00,2022-02-16 18:44:11+00:00,2764.8333,46.0806,29.00272,-89.95212,11.6,101.7,99.0,28.98368,-90.03765,10.7,2,3,LONG_GAP
367602250,2021-12-31 22:56:38+00:00,2022-01-01 12:23:38+00:00,807.0,13.45,28.96867,-90.00594,8.6,251.5,251.0,28.96842,-90.01743,5.9,0,1,LONG_GAP
367602250,2022-01-01 12:55:59+00:00,2022-01-12 21:52:32+00:00,16376.55,272.9425,29.04126,-89.98652,9.1,21.3,30.0,28.96854,-89.97793,9.3,1,2,LONG_GAP
367602250,2022-01-12 22:00:00+00:00,2022-01-13 03:22:31+00:00,322.5167,5.3753,28.97633,-89.95739,9.5,67.6,75.0,29.03368,-89.97667,9.5,2,3,SIGNIFICANT_GAP
367602250,2022-01-13 03:51:11+00:00,2022-01-15 23:09:27+00:00,4038.2667,67.3044,28.96976,-90.02054,9.3,199.9,201.0,28.96956,-90.0182,10.1,3,4,LONG_GAP
367602250,2022-01-15 23:37:38+00:00,2022-01-17 11:29:08+00:00,2151.5,35.8583,29.04092,-89.98097,10.0,21.6,21.0,29.04288,-89.96869,10.4,4,5,LONG_GAP
367602250,2022-01-17 11:59:07+00:00,2022-01-21 22:36:21+00:00,6397.2333,106.6206,28.96953,-90.01495,9.8,217.1,224.0,28.97329,-90.03778,8.8,5,6,LONG_GAP
367602250,2022-01-21 23:08:02+00:00,2022-01-22 15:03:41+00:00,955.65,15.9275,29.04152,-89.99603,8.9,31.4,39.0,29.04302,-89.97579,8.7,6,7,LONG_GAP
367602250,2022-01-22 15:38:30+00:00,2022-01-25 13:30:41+00:00,4192.1833,69.8697,28.96863,-90.01959,8.9,219.2,219.0,28.9878,-90.03901,5.0,7,8,LONG_GAP
367602250,2022-01-25 14:08:01+00:00,2022-01-27 21:50:51+00:00,3342.8333,55.7139,29.04229,-90.01487,8.5,16.4,23.0,29.04205,-89.98155,9.3,8,9,LONG_GAP
367602250,2022-01-27 22:18:12+00:00,2022-01-31 22:04:31+00:00,5746.3167,95.7719,28.97747,-90.01619,9.4,206.9,206.0,28.97037,-90.02097,10.3,9,10,LONG_GAP
367602540,2022-03-01 04:56:46+00:00,2022-03-01 11:44:04+00:00,407.3,6.7883,28.96952,-90.01991,22.7,127.8,128.0,28.97212,-89.98169,23.1,0,1,LONG_GAP
367602540,2022-03-01 11:51:32+00:00,2022-03-03 18:25:02+00:00,3273.5,54.5583,28.98296,-90.03529,22.2,290.5,299.0,28.97014,-90.03815,23.9,1,2,LONG_GAP
367602540,2022-03-03 18:25:02+00:00,2022-03-04 15:22:28+00:00,1257.4333,20.9572,28.97014,-90.03815,23.9,277.9,283.0,28.97564,-90.03271,22.6,2,3,LONG_GAP
367602540,2022-03-04 15:24:40+00:00,2022-03-25 19:18:07+00:00,30473.45,507.8908,28.96931,-90.01879,22.6,123.0,121.0,28.96897,-90.03461,24.5,3,4,LONG_GAP
367602540,2022-03-25 19:18:07+00:00,2022-03-29 08:10:53+00:00,5092.7667,84.8794,28.96897,-90.03461,24.5,285.8,287.0,28.97788,-90.03716,21.9,4,5,LONG_GAP
367602790,2022-01-24 10:22:56+00:00,2022-01-25 15:08:01+00:00,1725.0833,28.7514,29.00866,-89.95267,10.3,88.2,,28.98907,-89.97045,7.9,0,1,LONG_GAP
367603350,2022-01-01 08:43:49+00:00,2022-01-03 15:17:09+00:00,3273.3333,54.5556,29.00376,-90.02564,11.9,275.1,,29.0247,-90.03673,9.6,0,1,LONG_GAP
367603350,2022-01-03 15:46:29+00:00,2022-01-05 00:47:07+00:00,1980.6333,33.0106,29.0004,-89.9517,9.6,112.9,,29.00208,-89.95118,10.4,1,2,LONG_GAP
367603350,2022-01-05 00:56:47+00:00,2022-01-06 04:50:09+00:00,1673.3667,27.8894,29.01124,-89.98088,9.9,283.7,,29.00705,-90.03751,9.9,2,3,LONG_GAP
367603350,2022-01-06 05:17:19+00:00,2022-01-09 06:43:11+00:00,4405.8667,73.4311,28.9896,-89.95277,10.1,108.5,,29.01141,-90.03463,10.3,3,4,LONG_GAP
367603350,2022-01-09 07:13:09+00:00,2022-01-13 04:20:11+00:00,5587.0333,93.1172,28.98315,-89.94991,10.0,105.7,,28.9956,-89.96217,10.9,4,5,LONG_GAP
367603350,2022-01-13 04:32:01+00:00,2022-01-17 05:36:16+00:00,5824.25,97.0708,29.00488,-90.00235,11.3,284.5,,29.00546,-90.03391,10.8,5,6,LONG_GAP
367603350,2022-01-17 06:01:36+00:00,2022-01-19 06:56:36+00:00,2935.0,48.9167,28.98594,-89.95235,10.0,100.6,,28.99476,-89.95084,10.0,6,7,LONG_GAP
367603350,2022-01-19 06:56:36+00:00,2022-01-21 08:05:30+00:00,2948.9,49.1483,28.99476,-89.95084,10.0,278.1,,28.99967,-89.95023,10.7,7,8,LONG_GAP
367603350,2022-01-21 08:20:50+00:00,2022-01-23 04:36:24+00:00,2655.5667,44.2594,29.00897,-90.00113,10.9,282.5,,29.00675,-90.02782,10.1,8,9,LONG_GAP
367603350,2022-01-23 04:58:55+00:00,2022-01-25 01:13:05+00:00,2654.1667,44.2361,28.99029,-89.95836,10.2,103.4,,28.99341,-89.95119,10.4,9,10,LONG_GAP
367603350,2022-01-25 01:21:23+00:00,2022-01-28 08:07:24+00:00,4726.0167,78.7669,28.99945,-89.97773,10.4,283.2,,28.99937,-89.95429,10.1,10,11,LONG_GAP
367603350,2022-01-28 08:34:55+00:00,2022-02-01 04:42:15+00:00,5527.3333,92.1222,29.01531,-90.03837,9.7,282.6,,28.99259,-89.95379,10.8,11,12,LONG_GAP
367603350,2022-02-01 05:03:04+00:00,2022-02-08 07:40:48+00:00,10237.7333,170.6289,29.0077,-90.02169,10.7,283.8,,28.99615,-89.94988,10.6,12,13,LONG_GAP
367603350,2022-02-08 08:08:18+00:00,2022-02-11 04:08:18+00:00,4080.0,68.0,29.01445,-90.03869,10.2,281.5,,28.9995,-89.95064,11.2,13,14,LONG_GAP
367603350,2022-02-11 04:34:28+00:00,2022-02-14 01:05:03+00:00,4110.5833,68.5097,29.01931,-90.03819,10.9,281.6,,29.01253,-90.03809,10.5,14,15,LONG_GAP
367603350,2022-02-14 01:32:33+00:00,2022-02-15 23:33:52+00:00,2761.3167,46.0219,28.99365,-89.95001,10.2,108.7,,28.99978,-89.95003,10.3,15,16,LONG_GAP
367603350,2022-02-16 00:01:32+00:00,2022-02-18 07:44:02+00:00,3342.5,55.7083,29.02216,-90.03681,10.2,282.1,,29.00652,-90.03497,10.8,16,17,LONG_GAP
367603350,2022-02-18 08:12:01+00:00,2022-02-20 09:18:31+00:00,2946.5,49.1083,28.97792,-89.95183,10.3,112.1,,29.00048,-90.03888,9.8,17,18,LONG_GAP
367603350,2022-02-20 09:50:22+00:00,2022-02-22 02:25:32+00:00,2435.1667,40.5861,28.96827,-89.95026,9.8,111.9,,28.98797,-89.95081,11.6,18,19,LONG_GAP
367603350,2022-02-22 02:50:12+00:00,2022-02-27 03:44:58+00:00,7254.7667,120.9128,29.00724,-90.038,11.3,286.4,,29.0089,-90.0382,9.4,19,20,LONG_GAP
367603350,2022-02-27 04:16:48+00:00,2022-03-01 02:30:39+00:00,2773.85,46.2308,28.98665,-89.95016,8.9,104.5,,28.98996,-89.95217,8.2,20,21,LONG_GAP
367603350,2022-03-01 03:02:29+00:00,2022-03-04 08:52:59+00:00,4670.5,77.8417,29.00755,-90.03357,8.3,285.1,,28.99769,-89.96292,11.1,21,22,LONG_GAP
367603350,2022-03-04 09:14:58+00:00,2022-03-06 01:08:09+00:00,2393.1833,39.8864,29.01707,-90.03583,10.8,287.3,,29.00968,-90.03756,10.3,22,23,LONG_GAP
367603350,2022-03-06 01:37:58+00:00,2022-03-08 00:55:49+00:00,2837.85,47.2975,28.98972,-89.95186,8.0,95.8,,28.98975,-89.95394,11.3,23,24,LONG_GAP
367603350,2022-03-08 01:19:48+00:00,2022-03-10 08:39:29+00:00,3319.6833,55.3281,29.00816,-90.03898,11.3,281.8,,29.01175,-90.03573,9.8,24,25,LONG_GAP
367603350,2022-03-10 09:07:28+00:00,2022-03-13 05:27:09+00:00,4099.6833,68.3281,28.99367,-89.95026,9.5,104.5,,29.0127,-90.03689,10.1,25,26,LONG_GAP
367603350,2022-03-13 05:54:27+00:00,2022-03-15 02:47:38+00:00,2693.1833,44.8864,28.99465,-89.95267,9.9,103.4,,28.98937,-89.95259,11.0,26,27,LONG_GAP
367603350,2022-03-15 03:12:28+00:00,2022-03-18 23:59:19+00:00,5566.85,92.7808,29.00883,-90.03444,10.7,282.6,,28.99952,-89.95195,10.0,27,28,LONG_GAP
367603350,2022-03-19 00:28:19+00:00,2022-03-19 23:40:17+00:00,1391.9667,23.1994,29.02096,-90.0377,9.8,273.9,,29.01621,-90.0359,10.4,28,29,LONG_GAP
367603350,2022-03-20 00:08:19+00:00,2022-03-26 23:37:56+00:00,10049.6167,167.4936,28.9938,-89.95048,9.9,104.0,,29.01317,-90.03451,11.8,29,30,LONG_GAP
367603350,2022-03-27 00:00:46+00:00,2022-03-29 07:04:55+00:00,3304.15,55.0692,28.99573,-89.95352,11.6,108.6,,28.98519,-89.95303,9.9,30,31,LONG_GAP
367605680,2022-01-13 04:14:24+00:00,2022-01-15 23:09:21+00:00,4014.95,66.9158,28.98438,-89.95067,9.2,107.9,,28.98043,-89.95735,8.7,0,1,LONG_GAP
367605680,2022-01-15 23:40:19+00:00,2022-01-18 04:22:00+00:00,3161.6833,52.6947,29.00121,-90.0369,8.3,289.1,,29.00409,-90.03381,9.6,1,2,LONG_GAP
367605680,2022-01-18 04:50:40+00:00,2022-01-20 21:37:39+00:00,3886.9833,64.7831,28.9815,-89.9533,9.4,111.5,,28.98819,-89.95027,9.5,2,3,LONG_GAP
367605680,2022-01-20 22:06:39+00:00,2022-02-11 08:47:23+00:00,30880.7333,514.6789,29.00605,-90.03201,9.1,286.5,,28.96924,-89.95458,10.1,3,4,LONG_GAP
367605680,2022-02-11 09:14:23+00:00,2022-02-25 00:26:49+00:00,19632.4333,327.2072,28.98565,-90.03757,10.0,279.4,,28.97566,-90.03865,8.3,4,5,LONG_GAP
367605680,2022-02-25 00:32:58+00:00,2022-03-04 04:37:06+00:00,10324.1333,172.0689,28.97224,-90.02299,8.4,102.7,,28.96803,-90.00729,10.4,5,6,LONG_GAP
367605680,2022-03-04 04:45:35+00:00,2022-03-04 13:45:05+00:00,539.5,8.9917,28.97371,-90.03448,10.4,283.6,,28.97957,-90.03795,8.9,6,7,LONG_GAP
367606390,2022-02-06 13:16:21+00:00,2022-02-06 13:42:13+00:00,25.8667,0.4311,29.03629,-89.98773,9.4,201.0,202.0,28.97264,-90.01672,9.6,0,1,SHORT_GAP
367606390,2022-02-06 13:43:22+00:00,2022-02-08 00:43:22+00:00,2100.0,35.0,28.96978,-90.0181,9.6,203.3,202.0,28.96874,-90.02165,9.8,1,2,LONG_GAP
367606390,2022-02-08 01:12:32+00:00,2022-02-08 11:32:02+00:00,619.5,10.325,29.04275,-89.98392,10.1,24.0,23.0,29.0404,-89.98667,10.2,2,3,LONG_GAP
367606390,2022-02-08 11:59:03+00:00,2022-02-13 20:29:06+00:00,7710.05,128.5008,28.96808,-90.01298,10.1,199.2,198.0,29.02234,-90.03842,9.5,3,4,LONG_GAP
367606390,2022-02-13 20:36:57+00:00,2022-02-14 12:43:36+00:00,966.65,16.1108,29.04111,-90.02817,9.7,23.9,20.0,29.04136,-89.99078,9.3,4,5,LONG_GAP
367606390,2022-02-14 13:12:45+00:00,2022-02-15 00:31:25+00:00,678.6667,11.3111,28.96828,-90.01747,9.7,203.7,204.0,28.96908,-90.02326,9.9,5,6,LONG_GAP
367606390,2022-02-15 01:00:17+00:00,2022-02-15 08:56:16+00:00,475.9833,7.9331,29.04288,-89.98653,10.1,23.4,21.0,29.04269,-89.97173,9.5,6,7,LONG_GAP
367606390,2022-02-15 09:32:26+00:00,2022-02-15 19:25:27+00:00,593.0167,9.8836,28.96848,-90.03466,9.7,243.9,243.0,29.02259,-90.03908,9.7,7,8,LONG_GAP
367606390,2022-02-15 19:33:46+00:00,2022-02-19 14:55:52+00:00,5482.1,91.3683,29.04247,-90.02686,9.9,28.7,30.0,29.04101,-89.98269,9.9,8,9,LONG_GAP
367606390,2022-02-19 15:23:33+00:00,2022-02-19 18:35:23+00:00,191.8333,3.1972,28.96989,-90.01808,10.5,205.8,199.0,28.97763,-90.03857,9.2,9,10,SIGNIFICANT_GAP
367606390,2022-02-19 19:03:23+00:00,2022-02-20 12:07:03+00:00,1023.6667,17.0611,29.0409,-90.0016,9.5,29.0,32.0,29.04207,-89.97795,9.9,10,11,LONG_GAP
367606390,2022-02-20 12:36:13+00:00,2022-02-22 01:13:01+00:00,2196.8,36.6133,28.96926,-90.01771,10.3,210.4,203.0,28.96873,-89.95784,9.1,11,12,LONG_GAP
367606390,2022-02-22 01:15:40+00:00,2022-02-22 07:37:00+00:00,381.3333,6.3556,28.97123,-89.95068,9.2,69.1,75.0,29.03051,-89.9909,9.2,12,13,LONG_GAP
367606390,2022-02-22 08:03:50+00:00,2022-02-22 12:25:30+00:00,261.6667,4.3611,28.96853,-90.02252,9.5,209.0,197.0,28.96882,-89.97692,8.9,13,14,SIGNIFICANT_GAP
367606390,2022-02-22 12:35:51+00:00,2022-02-24 10:44:20+00:00,2768.4833,46.1414,28.98014,-89.95039,9.0,67.0,74.0,29.0413,-89.98201,8.5,14,15,LONG_GAP
367606390,2022-02-24 11:17:31+00:00,2022-02-27 00:20:35+00:00,3663.0667,61.0511,28.96868,-90.01635,8.8,216.6,208.0,28.96837,-90.03389,8.2,15,16,LONG_GAP
367606390,2022-02-27 00:55:21+00:00,2022-02-27 02:17:14+00:00,81.8833,1.3647,28.98828,-89.95177,8.1,60.8,72.0,28.99358,-89.95006,10.3,16,17,SIGNIFICANT_GAP
367606390,2022-02-27 02:45:24+00:00,2022-03-01 12:57:25+00:00,3492.0167,58.2003,28.96863,-90.03468,10.3,269.5,264.0,28.97043,-90.01293,9.3,17,18,LONG_GAP
367606390,2022-03-01 20:05:14+00:00,2022-03-01 20:20:54+00:00,15.6667,0.2611,28.99305,-89.98582,0.0,40.9,280.0,28.993,-89.98583,0.0,18,19,SHORT_GAP
367606390,2022-03-01 21:59:35+00:00,2022-03-01 22:38:55+00:00,39.3333,0.6556,28.99304,-89.98584,0.0,304.2,279.0,28.993,-89.98587,0.0,19,20,SHORT_GAP
367606390,2022-03-01 22:38:55+00:00,2022-03-01 22:59:14+00:00,20.3167,0.3386,28.993,-89.98587,0.0,329.4,281.0,28.99305,-89.9859,0.0,20,21,SHORT_GAP
367606390,2022-03-01 23:11:34+00:00,2022-03-01 23:28:15+00:00,16.6833,0.2781,28.99301,-89.98587,0.0,139.2,281.0,28.993,-89.98584,0.1,21,22,SHORT_GAP
367606390,2022-03-01 23:28:15+00:00,2022-03-01 23:53:14+00:00,24.9833,0.4164,28.993,-89.98584,0.1,87.1,278.0,28.993,-89.98585,0.0,22,23,SHORT_GAP
367606390,2022-03-02 00:31:41+00:00,2022-03-02 12:43:43+00:00,732.0333,12.2006,28.96976,-90.00739,8.9,211.7,208.0,28.96845,-90.00697,8.3,23,24,LONG_GAP
367606390,2022-03-02 17:19:04+00:00,2022-03-02 18:19:34+00:00,60.5,1.0083,28.99271,-89.98554,0.1,284.5,187.0,28.99273,-89.98557,0.0,24,25,SIGNIFICANT_GAP
367606390,2022-03-02 22:48:33+00:00,2022-03-02 23:23:43+00:00,35.1667,0.5861,28.9686,-90.00979,9.5,217.6,210.0,28.97072,-90.02511,9.9,25,26,SHORT_GAP
367606390,2022-03-02 23:53:24+00:00,2022-03-03 12:37:54+00:00,764.5,12.7417,29.04146,-89.98606,9.6,33.1,35.0,29.02325,-89.99153,10.0,26,27,LONG_GAP
367606390,2022-03-03 12:58:34+00:00,2022-03-03 14:36:24+00:00,97.8333,1.6306,28.97028,-90.01838,10.1,204.6,202.0,28.96962,-90.00605,8.9,27,28,SIGNIFICANT_GAP
367606390,2022-03-03 17:24:35+00:00,2022-03-03 17:43:24+00:00,18.8167,0.3136,28.99274,-89.98552,0.0,273.0,188.0,28.99268,-89.98556,0.0,28,29,SHORT_GAP
367606390,2022-03-03 18:04:34+00:00,2022-03-03 18:25:05+00:00,20.5167,0.3419,28.9927,-89.98557,0.0,288.0,188.0,28.99271,-89.98557,0.0,29,30,SHORT_GAP
367606390,2022-03-03 18:56:24+00:00,2022-03-03 19:15:33+00:00,19.15,0.3192,28.99271,-89.98555,0.0,167.6,188.0,28.99272,-89.98555,0.0,30,31,SHORT_GAP
367606390,2022-03-04 00:09:53+00:00,2022-03-04 13:33:14+00:00,803.35,13.3892,28.97002,-90.01904,9.6,216.4,209.0,28.96851,-90.0252,8.9,31,32,LONG_GAP
367606390,2022-03-04 18:17:24+00:00,2022-03-04 18:58:23+00:00,40.9833,0.6831,28.99303,-89.98584,0.1,344.5,277.0,28.99299,-89.98585,0.0,32,33,SHORT_GAP
367606390,2022-03-05 00:30:34+00:00,2022-03-05 12:58:03+00:00,747.4833,12.4581,28.9689,-90.02324,9.6,219.2,212.0,28.97028,-90.00987,9.7,33,34,LONG_GAP
367606390,2022-03-06 00:21:42+00:00,2022-03-06 13:22:14+00:00,780.5333,13.0089,28.96917,-90.02091,9.1,221.1,212.0,28.96836,-90.01559,8.0,34,35,LONG_GAP
367606390,2022-03-07 00:20:02+00:00,2022-03-07 00:55:03+00:00,35.0167,0.5836,28.97136,-90.0192,9.3,218.5,210.0,28.97221,-90.02457,9.8,35,36,SHORT_GAP
367606390,2022-03-07 01:23:42+00:00,2022-03-07 10:26:03+00:00,542.35,9.0392,29.04164,-89.98897,9.6,37.6,44.0,29.04247,-89.98082,8.4,36,37,LONG_GAP
367606390,2022-03-07 11:00:02+00:00,2022-03-07 13:56:32+00:00,176.5,2.9417,28.96936,-90.02096,8.7,206.5,200.0,28.9699,-90.01523,8.6,37,38,SIGNIFICANT_GAP
367606390,2022-03-07 23:46:42+00:00,2022-03-08 21:18:32+00:00,1291.8333,21.5306,28.96853,-90.00878,9.2,212.7,206.0,28.96838,-90.015,8.4,38,39,LONG_GAP
367606390,2022-03-09 00:30:34+00:00,2022-03-09 13:20:14+00:00,769.6667,12.8278,28.96915,-90.0209,8.2,210.2,203.0,28.97163,-90.00575,7.6,39,40,LONG_GAP
367606390,2022-03-09 15:02:04+00:00,2022-03-09 15:22:54+00:00,20.8333,0.3472,28.99273,-89.98611,0.1,356.1,230.0,28.99275,-89.98608,0.1,40,41,SHORT_GAP
367606390,2022-03-09 15:39:34+00:00,2022-03-09 15:55:54+00:00,16.3333,0.2722,28.99275,-89.98609,0.0,237.1,229.0,28.9928,-89.98611,0.1,41,42,SHORT_GAP
367606390,2022-03-09 16:16:55+00:00,2022-03-09 16:48:34+00:00,31.65,0.5275,28.99276,-89.98613,0.2,318.3,228.0,28.99279,-89.98611,0.1,42,43,SHORT_GAP
367606390,2022-03-09 16:48:34+00:00,2022-03-09 17:08:34+00:00,20.0,0.3333,28.99279,-89.98611,0.1,316.4,229.0,28.99279,-89.98612,0.1,43,44,SHORT_GAP
367606390,2022-03-09 17:28:14+00:00,2022-03-09 17:51:04+00:00,22.8333,0.3806,28.99281,-89.98613,0.0,283.9,230.0,28.99286,-89.98615,0.1,44,45,SHORT_GAP
367606390,2022-03-09 17:51:04+00:00,2022-03-09 18:12:34+00:00,21.5,0.3583,28.99286,-89.98615,0.1,197.3,243.0,28.99286,-89.98614,0.1,45,46,SHORT_GAP
367606390,2022-03-09 21:53:45+00:00,2022-03-09 22:32:34+00:00,38.8167,0.6469,28.96996,-90.01151,9.3,211.2,198.0,28.96844,-90.02755,8.9,46,47,SHORT_GAP
367606390,2022-03-09 23:09:38+00:00,2022-03-10 09:54:55+00:00,645.2833,10.7547,29.04312,-89.97654,9.3,9.5,18.0,29.04322,-89.9902,8.6,47,48,LONG_GAP
367606390,2022-03-10 10:27:54+00:00,2022-03-10 12:04:03+00:00,96.15,1.6025,28.96861,-90.02676,9.2,194.5,191.0,28.96863,-90.01882,2.6,48,49,SIGNIFICANT_GAP
367606390,2022-03-10 12:08:57+00:00,2022-03-10 15:27:25+00:00,198.4667,3.3078,28.96993,-90.02188,4.7,229.2,222.0,28.9713,-89.99153,8.0,49,50,SIGNIFICANT_GAP
367606390,2022-03-10 18:01:54+00:00,2022-03-10 18:18:14+00:00,16.3333,0.2722,28.99295,-89.98614,0.7,255.2,262.0,28.99294,-89.98623,2.4,50,51,SHORT_GAP
367606390,2022-03-10 18:51:42+00:00,2022-03-10 19:12:45+00:00,21.05,0.3508,28.99251,-89.98654,2.1,83.9,263.0,28.993,-89.98614,0.0,51,52,SHORT_GAP
367606390,2022-03-10 19:30:43+00:00,2022-03-10 19:45:55+00:00,15.2,0.2533,28.99305,-89.98618,0.1,218.7,283.0,28.99309,-89.98621,0.0,52,53,SHORT_GAP
367606390,2022-03-11 00:26:15+00:00,2022-03-11 12:03:34+00:00,697.3167,11.6219,28.9698,-90.0186,9.5,217.7,210.0,28.98434,-89.99538,8.9,53,54,LONG_GAP
367606390,2022-03-11 12:14:03+00:00,2022-03-11 12:51:45+00:00,37.7,0.6283,28.99199,-89.98691,1.2,218.5,161.0,28.99301,-89.98615,0.1,54,55,SHORT_GAP
367606390,2022-03-11 13:22:04+00:00,2022-03-11 14:32:25+00:00,70.35,1.1725,28.99293,-89.9862,0.1,236.9,267.0,28.99292,-89.98618,0.1,55,56,SIGNIFICANT_GAP
367606390,2022-03-11 17:19:55+00:00,2022-03-11 17:57:54+00:00,37.9833,0.6331,28.99293,-89.98648,0.2,43.2,245.0,28.99321,-89.98598,0.0,56,57,SHORT_GAP
367606390,2022-03-11 23:07:25+00:00,2022-03-11 23:34:04+00:00,26.65,0.4442,28.96854,-90.01735,9.7,214.1,212.0,28.97037,-90.01277,9.8,57,58,SHORT_GAP
367606390,2022-03-12 00:03:27+00:00,2022-03-13 10:42:43+00:00,2079.2667,34.6544,29.04167,-89.98083,9.4,19.4,26.0,29.04203,-89.98559,9.2,58,59,LONG_GAP
367606390,2022-03-13 11:13:14+00:00,2022-03-13 12:00:04+00:00,46.8333,0.7806,28.96929,-90.02001,9.6,204.5,201.0,28.96831,-90.01004,9.4,59,60,SHORT_GAP
367606390,2022-03-13 20:08:04+00:00,2022-03-13 20:25:25+00:00,17.35,0.2892,28.99316,-89.98611,0.5,21.9,293.0,28.99318,-89.98612,0.1,60,61,SHORT_GAP
367606390,2022-03-14 00:39:15+00:00,2022-03-14 12:22:55+00:00,703.6667,11.7278,28.97124,-90.00794,8.5,212.1,205.0,28.99314,-89.98614,0.1,61,62,LONG_GAP
367606390,2022-03-15 00:31:57+00:00,2022-03-15 14:27:44+00:00,835.7833,13.9297,28.96857,-90.00983,9.2,208.0,205.0,28.97171,-90.00394,8.8,62,63,LONG_GAP
367606390,2022-03-16 00:39:45+00:00,2022-03-16 12:07:24+00:00,687.65,11.4608,28.96845,-90.00402,9.1,223.0,223.0,28.97026,-90.01188,9.5,63,64,LONG_GAP
367606390,2022-03-16 20:38:35+00:00,2022-03-16 21:09:14+00:00,30.65,0.5108,28.97149,-90.00166,9.4,219.1,221.0,28.96808,-90.0201,9.3,64,65,SHORT_GAP
367606390,2022-03-16 21:41:14+00:00,2022-03-17 12:19:55+00:00,878.6833,14.6447,29.04274,-89.97738,9.8,27.8,25.0,29.04196,-89.98224,9.4,65,66,LONG_GAP
367606390,2022-03-17 12:49:24+00:00,2022-03-17 13:28:38+00:00,39.2333,0.6539,28.97043,-90.01672,9.2,203.7,202.0,28.96939,-90.0093,10.1,66,67,SHORT_GAP
367606390,2022-03-17 22:52:54+00:00,2022-03-17 23:22:07+00:00,29.2167,0.4869,28.97116,-90.02007,9.2,227.9,223.0,28.96804,-90.02357,5.7,67,68,SHORT_GAP
367606390,2022-03-17 23:51:25+00:00,2022-03-18 10:55:05+00:00,663.6667,11.0611,29.0431,-89.98593,11.0,22.4,23.0,29.04185,-89.97974,8.2,68,69,LONG_GAP
367606390,2022-03-18 11:31:14+00:00,2022-03-18 12:03:04+00:00,31.8333,0.5306,28.96822,-90.01837,8.1,206.2,205.0,28.9694,-90.00688,10.1,69,70,SHORT_GAP
367606390,2022-03-18 12:49:55+00:00,2022-03-18 16:40:35+00:00,230.6667,3.8444,28.99373,-89.98513,0.0,229.6,40.0,28.97106,-90.00516,9.6,70,71,SIGNIFICANT_GAP
367606390,2022-03-18 17:09:34+00:00,2022-03-18 21:30:24+00:00,260.8333,4.3472,29.04224,-89.96859,9.5,10.1,5.0,29.04273,-89.98784,8.9,71,72,SIGNIFICANT_GAP
367606390,2022-03-18 22:04:44+00:00,2022-03-19 11:52:04+00:00,827.3333,13.7889,28.97081,-90.01637,9.1,188.8,190.0,28.96956,-90.00599,8.7,72,73,LONG_GAP
367606390,2022-03-19 12:53:35+00:00,2022-03-19 22:09:55+00:00,556.3333,9.2722,28.96996,-90.00355,10.1,207.9,205.0,28.96981,-90.00444,9.6,73,74,LONG_GAP
367606390,2022-03-19 23:07:44+00:00,2022-03-20 11:27:53+00:00,740.15,12.3358,28.96946,-90.00607,9.3,207.5,203.0,28.96858,-90.009,8.1,74,75,LONG_GAP
367606390,2022-03-20 20:28:05+00:00,2022-03-24 08:59:04+00:00,5070.9833,84.5164,28.99192,-89.99337,9.3,226.1,214.0,29.04106,-89.98207,8.9,75,76,LONG_GAP
367606390,2022-03-24 09:42:15+00:00,2022-03-24 13:17:34+00:00,215.3167,3.5886,28.97032,-90.02779,7.8,194.7,195.0,28.99251,-89.9856,0.2,76,77,SIGNIFICANT_GAP
367606390,2022-03-24 22:07:34+00:00,2022-03-25 12:06:02+00:00,838.4667,13.9744,28.97286,-90.00113,9.1,214.9,214.0,28.96952,-90.00407,9.3,77,78,LONG_GAP
367606390,2022-03-25 13:13:31+00:00,2022-03-25 13:28:51+00:00,15.3333,0.2556,28.99255,-89.98512,0.0,238.6,142.0,28.9925,-89.98528,0.1,78,79,SHORT_GAP
367606390,2022-03-25 13:34:52+00:00,2022-03-25 13:50:12+00:00,15.3333,0.2556,28.99253,-89.98527,0.0,340.2,159.0,28.99252,-89.98529,0.1,79,80,SHORT_GAP
367606390,2022-03-25 21:25:22+00:00,2022-03-26 12:37:23+00:00,912.0167,15.2003,28.96997,-90.00482,8.4,221.0,222.0,28.96957,-90.01841,9.7,80,81,LONG_GAP
367606390,2022-03-26 16:29:12+00:00,2022-03-26 17:00:22+00:00,31.1667,0.5194,28.99372,-89.98577,0.7,319.8,327.0,28.99377,-89.98566,0.1,81,82,SHORT_GAP
367606390,2022-03-26 22:31:13+00:00,2022-03-26 23:48:22+00:00,77.15,1.2858,28.99756,-89.95041,10.3,87.8,91.0,28.99347,-89.95222,8.5,82,83,SIGNIFICANT_GAP
367606390,2022-03-27 10:33:13+00:00,2022-03-27 12:23:42+00:00,110.4833,1.8414,28.96983,-90.00188,8.7,216.7,220.0,28.96979,-90.00612,9.6,83,84,SIGNIFICANT_GAP
367606390,2022-03-27 22:34:20+00:00,2022-03-27 22:52:20+00:00,18.0,0.3,28.99364,-89.985,0.1,147.8,56.0,28.99356,-89.98529,0.4,84,85,SHORT_GAP
367606390,2022-03-27 23:14:09+00:00,2022-03-27 23:51:13+00:00,37.0667,0.6178,28.97034,-90.00412,8.0,218.4,220.0,28.97073,-90.0213,10.2,85,86,SHORT_GAP
367606390,2022-03-28 05:03:42+00:00,2022-03-28 05:21:41+00:00,17.9833,0.2997,28.99319,-89.98479,0.1,211.8,101.0,28.9932,-89.98479,0.1,86,87,SHORT_GAP
367606390,2022-03-28 10:40:30+00:00,2022-03-28 13:49:58+00:00,189.4667,3.1578,28.9688,-90.00451,7.8,217.8,221.0,28.96957,-90.01085,9.5,87,88,SIGNIFICANT_GAP
367606390,2022-03-28 23:03:44+00:00,2022-03-28 23:47:43+00:00,43.9833,0.7331,28.96946,-90.00055,0.5,202.4,219.0,28.96807,-89.96036,10.3,88,89,SHORT_GAP
367606390,2022-03-28 23:50:04+00:00,2022-03-29 12:24:51+00:00,754.7833,12.5797,28.97046,-89.9531,10.4,69.1,67.0,28.96982,-89.95015,9.5,89,90,LONG_GAP
367606390,2022-03-29 12:24:51+00:00,2022-03-29 13:18:29+00:00,53.6333,0.8939,28.96982,-89.95015,9.5,246.9,247.0,28.96932,-90.00378,9.5,90,91,SHORT_GAP
367606390,2022-03-29 20:32:21+00:00,2022-03-29 21:00:08+00:00,27.7833,0.4631,28.96812,-90.0082,8.3,214.4,214.0,28.96852,-90.0217,10.1,91,92,SHORT_GAP
367606520,2022-01-17 21:06:16+00:00,2022-01-20 14:44:20+00:00,3938.0667,65.6344,28.99446,-89.96627,9.6,100.3,,28.9981,-89.95334,8.9,0,1,LONG_GAP
367608850,2022-01-08 05:17:59+00:00,2022-01-14 12:20:24+00:00,9062.4167,151.0403,29.04275,-90.02961,13.2,32.5,,29.03995,-90.01554,17.3,0,1,LONG_GAP
367608850,2022-01-14 12:32:06+00:00,2022-02-01 18:11:19+00:00,26259.2167,437.6536,28.98549,-90.03881,18.1,201.1,,29.02048,-90.03903,16.9,1,2,LONG_GAP
367608850,2022-02-01 18:15:35+00:00,2022-02-14 22:23:43+00:00,18968.1333,316.1356,29.03983,-90.02818,18.2,29.6,,29.03916,-90.00455,17.3,2,3,LONG_GAP
367608850,2022-02-14 22:38:18+00:00,2022-03-02 20:31:27+00:00,22913.15,381.8858,28.97528,-90.03854,17.5,206.8,,29.04148,-90.00543,16.6,3,4,LONG_GAP
367610230,2022-02-25 01:37:01+00:00,2022-02-25 01:54:32+00:00,17.5167,0.2919,29.03792,-89.99992,3.1,224.4,,29.02672,-90.00803,2.7,0,1,SHORT_GAP
367610230,2022-02-25 02:32:02+00:00,2022-02-25 03:08:32+00:00,36.5,0.6083,29.00764,-90.03343,3.0,225.8,,29.01146,-90.00847,3.2,1,2,SHORT_GAP
367611250,2022-02-09 20:58:37+00:00,2022-02-09 22:08:17+00:00,69.6667,1.1611,28.96954,-90.00074,0.4,240.2,,28.96903,-90.02492,10.2,0,1,SIGNIFICANT_GAP
367611250,2022-02-09 22:35:46+00:00,2022-02-10 14:26:27+00:00,950.6833,15.8447,29.04086,-89.99073,10.3,23.6,,28.96942,-90.00048,0.2,1,2,LONG_GAP
367611250,2022-02-10 14:47:36+00:00,2022-02-10 15:27:36+00:00,40.0,0.6667,28.9694,-90.00047,0.1,44.9,,28.96941,-90.00051,0.2,2,3,SHORT_GAP
367611250,2022-02-10 17:31:16+00:00,2022-02-10 18:07:26+00:00,36.1667,0.6028,28.96897,-90.00058,2.9,196.7,,28.969,-90.00054,6.4,3,4,SHORT_GAP
367611250,2022-02-10 22:13:07+00:00,2022-02-10 22:47:56+00:00,34.8167,0.5803,28.96817,-90.0024,2.5,196.6,,28.97016,-90.02765,10.3,4,5,SHORT_GAP
367611250,2022-02-10 23:15:16+00:00,2022-02-11 11:33:37+00:00,738.35,12.3058,29.04129,-89.99477,10.1,29.1,,29.03612,-89.98547,9.9,5,6,LONG_GAP
367611250,2022-02-11 11:51:36+00:00,2022-02-11 13:03:57+00:00,72.35,1.2058,28.9915,-90.00726,9.7,203.9,,28.96887,-90.00086,3.6,6,7,SIGNIFICANT_GAP
367611250,2022-02-11 14:02:36+00:00,2022-02-11 14:35:46+00:00,33.1667,0.5528,28.96967,-90.00074,0.1,71.1,,28.96966,-90.00073,0.0,7,8,SHORT_GAP
367611250,2022-02-11 18:17:16+00:00,2022-02-11 18:51:07+00:00,33.85,0.5642,28.96971,-90.00072,0.1,63.3,,28.96968,-90.00073,0.1,8,9,SHORT_GAP
367611250,2022-02-11 23:13:17+00:00,2022-02-11 23:45:25+00:00,32.1333,0.5356,28.96949,-90.00104,3.7,248.6,,28.96959,-90.0015,7.3,9,10,SHORT_GAP
367611250,2022-02-12 11:56:16+00:00,2022-02-12 13:17:47+00:00,81.5167,1.3586,28.96873,-90.00377,8.6,226.1,,28.96885,-90.00074,4.6,10,11,SIGNIFICANT_GAP
367611250,2022-02-12 18:48:07+00:00,2022-02-13 02:26:46+00:00,458.65,7.6442,28.96861,-89.99942,5.9,209.7,,28.96805,-89.97551,0.3,11,12,LONG_GAP
367611250,2022-02-13 03:31:57+00:00,2022-02-13 09:05:56+00:00,333.9833,5.5664,28.96878,-89.97291,4.1,225.8,,28.97999,-90.02531,2.2,12,13,SIGNIFICANT_GAP
367611250,2022-02-13 11:50:46+00:00,2022-02-13 13:32:06+00:00,101.3333,1.6889,28.96941,-90.02573,3.8,199.2,,28.96881,-90.03564,1.2,13,14,SIGNIFICANT_GAP
367611250,2022-02-13 15:15:55+00:00,2022-02-14 11:19:56+00:00,1204.0167,20.0669,29.04293,-90.03788,3.1,5.3,,29.04317,-89.98068,9.5,14,15,LONG_GAP
367611250,2022-02-14 11:47:57+00:00,2022-02-14 12:31:17+00:00,43.3333,0.7222,28.97419,-90.01544,9.9,211.5,,28.9688,-90.00099,4.4,15,16,SHORT_GAP
367611250,2022-02-14 18:27:37+00:00,2022-02-14 18:59:36+00:00,31.9833,0.5331,28.96965,-90.00189,7.8,223.4,,28.96867,-90.00197,9.2,16,17,SHORT_GAP
367611250,2022-02-14 22:59:46+00:00,2022-02-15 12:41:46+00:00,822.0,13.7,28.96945,-90.00057,0.3,112.6,,28.96822,-90.00241,8.5,17,18,LONG_GAP
367611250,2022-02-15 21:35:07+00:00,2022-02-15 22:30:07+00:00,55.0,0.9167,28.96891,-90.00256,7.8,219.7,,28.96862,-90.0221,9.9,18,19,SHORT_GAP
367611250,2022-02-15 22:58:37+00:00,2022-02-19 12:54:45+00:00,5156.1333,85.9356,29.04145,-89.99132,10.0,30.3,,29.04145,-89.97915,9.7,19,20,LONG_GAP
367611250,2022-02-19 13:23:56+00:00,2022-02-19 17:16:47+00:00,232.85,3.8808,28.96884,-90.02139,10.5,207.0,,28.97,-90.00291,3.6,20,21,SIGNIFICANT_GAP
367611250,2022-02-19 18:34:27+00:00,2022-02-19 18:51:07+00:00,16.6667,0.2778,28.96989,-90.00144,0.3,283.1,,28.96992,-90.00144,0.7,21,22,SHORT_GAP
367611250,2022-02-19 18:51:07+00:00,2022-02-19 19:11:17+00:00,20.1667,0.3361,28.96992,-90.00144,0.7,136.0,,28.96989,-90.00143,0.5,22,23,SHORT_GAP
367611250,2022-02-19 19:11:17+00:00,2022-02-19 19:39:47+00:00,28.5,0.475,28.96989,-90.00143,0.5,47.0,,28.97002,-90.00146,0.3,23,24,SHORT_GAP
367611250,2022-02-19 19:50:16+00:00,2022-02-19 20:37:07+00:00,46.85,0.7808,28.97001,-90.00146,0.2,233.4,,28.9701,-90.00143,0.7,24,25,SHORT_GAP
367611250,2022-02-19 21:02:05+00:00,2022-02-19 21:29:37+00:00,27.5333,0.4589,28.97011,-90.00144,0.5,144.2,,28.97017,-90.00142,0.2,25,26,SHORT_GAP
367611250,2022-02-19 22:10:57+00:00,2022-02-19 22:40:06+00:00,29.15,0.4858,28.97011,-90.00144,0.1,292.8,,28.97018,-90.00139,0.3,26,27,SHORT_GAP
367611250,2022-02-19 22:47:36+00:00,2022-02-19 23:06:57+00:00,19.35,0.3225,28.97014,-90.00141,0.2,305.8,,28.97013,-90.00142,0.1,27,28,SHORT_GAP
367611250,2022-02-19 23:12:27+00:00,2022-02-19 23:31:06+00:00,18.65,0.3108,28.9701,-90.00142,0.5,70.4,,28.97014,-90.00145,0.2,28,29,SHORT_GAP
367611250,2022-02-20 11:38:46+00:00,2022-02-20 12:34:07+00:00,55.35,0.9225,28.96815,-90.0048,5.4,236.0,,28.96909,-90.00197,5.1,29,30,SHORT_GAP
367611250,2022-02-20 13:59:46+00:00,2022-02-20 15:11:07+00:00,71.35,1.1892,28.96967,-90.00076,0.2,55.1,,28.96963,-90.00076,0.2,30,31,SIGNIFICANT_GAP
367611250,2022-02-20 23:51:27+00:00,2022-02-21 00:36:16+00:00,44.8167,0.7469,28.96851,-90.0067,7.7,223.0,,28.96929,-90.00351,6.2,31,32,SHORT_GAP
367611250,2022-02-21 11:35:37+00:00,2022-02-21 12:15:37+00:00,40.0,0.6667,28.96893,-90.00516,5.8,236.1,,28.96875,-90.00217,7.5,32,33,SHORT_GAP
367611250,2022-02-22 00:08:57+00:00,2022-02-24 02:30:56+00:00,3021.9833,50.3664,28.96909,-89.99972,2.7,181.1,,28.97043,-89.94975,8.3,33,34,LONG_GAP
367611250,2022-02-24 02:30:56+00:00,2022-02-24 02:52:47+00:00,21.85,0.3642,28.97043,-89.94975,8.3,256.8,,28.97112,-90.00101,1.6,34,35,SHORT_GAP
367611250,2022-02-24 05:59:47+00:00,2022-02-24 06:32:16+00:00,32.4833,0.5414,28.97067,-90.00062,0.3,113.3,,28.97068,-90.00062,0.1,35,36,SHORT_GAP
367611250,2022-02-24 08:17:56+00:00,2022-02-24 08:36:26+00:00,18.5,0.3083,28.97067,-90.00059,0.1,339.8,,28.97067,-90.0006,0.7,36,37,SHORT_GAP
367611250,2022-02-24 14:13:26+00:00,2022-02-24 18:02:57+00:00,229.5167,3.8253,28.97056,-90.00107,3.5,258.3,,28.98128,-89.95765,9.9,37,38,SIGNIFICANT_GAP
367611250,2022-02-25 00:04:57+00:00,2022-02-25 00:44:37+00:00,39.6667,0.6611,28.96892,-90.00044,2.1,212.3,,28.97108,-90.00115,1.8,38,39,SHORT_GAP
367611250,2022-02-25 06:26:06+00:00,2022-02-25 06:41:17+00:00,15.1833,0.2531,28.9707,-90.00065,0.4,346.0,,28.97065,-90.00066,0.5,39,40,SHORT_GAP
367611250,2022-02-25 08:19:57+00:00,2022-02-25 08:54:16+00:00,34.3167,0.5719,28.97065,-90.00067,0.7,356.1,,28.97065,-90.00069,0.5,40,41,SHORT_GAP
367611250,2022-02-25 09:02:56+00:00,2022-02-25 09:21:27+00:00,18.5167,0.3086,28.97064,-90.00072,0.1,262.1,,28.97064,-90.00073,0.1,41,42,SHORT_GAP
367611250,2022-02-25 09:59:45+00:00,2022-02-25 11:17:37+00:00,77.8667,1.2978,28.9706,-90.00074,0.1,323.7,,28.97064,-90.0007,0.2,42,43,SIGNIFICANT_GAP
367611250,2022-02-25 11:28:46+00:00,2022-02-25 13:03:05+00:00,94.3167,1.5719,28.96854,-90.0041,8.1,232.9,,28.96939,-90.00009,0.4,43,44,SIGNIFICANT_GAP
367611250,2022-02-25 14:02:57+00:00,2022-02-25 14:21:37+00:00,18.6667,0.3111,28.96949,-90.0,0.3,306.1,,28.96948,-90.0,0.4,44,45,SHORT_GAP
367611250,2022-02-25 15:04:55+00:00,2022-02-25 15:19:56+00:00,15.0167,0.2503,28.96953,-90.00001,0.2,116.2,,28.9695,-90.00003,0.3,45,46,SHORT_GAP
367611250,2022-02-25 18:54:35+00:00,2022-02-25 20:12:57+00:00,78.3667,1.3061,28.96838,-90.00288,7.2,228.4,,28.98397,-90.03926,3.3,46,47,SIGNIFICANT_GAP
367611250,2022-02-25 20:30:16+00:00,2022-02-25 21:38:47+00:00,68.5167,1.1419,28.99278,-90.03898,4.0,209.6,,28.96831,-90.00307,8.8,47,48,SIGNIFICANT_GAP
367611250,2022-02-26 11:51:06+00:00,2022-02-26 13:39:16+00:00,108.1667,1.8028,28.96988,-90.00091,0.4,92.9,,28.96845,-90.00423,8.7,48,49,SIGNIFICANT_GAP
367611250,2022-02-27 00:17:36+00:00,2022-02-27 00:54:26+00:00,36.8333,0.6139,28.96837,-89.9992,4.4,209.5,,28.96877,-90.00398,5.7,49,50,SHORT_GAP
367611250,2022-02-27 06:40:46+00:00,2022-02-27 07:11:16+00:00,30.5,0.5083,28.97033,-90.00135,0.0,244.5,,28.97039,-90.00135,0.1,50,51,SHORT_GAP
367611250,2022-02-27 07:26:46+00:00,2022-02-27 13:30:26+00:00,363.6667,6.0611,28.97026,-90.00086,0.4,91.7,,28.96928,-90.00097,4.8,51,52,LONG_GAP
367611250,2022-02-27 15:38:26+00:00,2022-02-27 16:42:16+00:00,63.8333,1.0639,28.96852,-89.99997,2.3,169.8,,28.97354,-90.03894,9.2,52,53,SIGNIFICANT_GAP
367611250,2022-02-27 17:01:17+00:00,2022-02-27 21:24:37+00:00,263.3333,4.3889,28.96815,-90.0016,7.6,225.0,,28.96921,-90.00335,8.1,53,54,SIGNIFICANT_GAP
367611250,2022-02-27 21:27:16+00:00,2022-02-28 04:42:46+00:00,435.5,7.2583,28.97067,-90.00103,0.5,279.3,,28.96943,-90.00115,0.1,54,55,LONG_GAP
367611250,2022-02-28 05:21:27+00:00,2022-02-28 05:37:07+00:00,15.6667,0.2611,28.96957,-90.00124,0.3,232.8,,28.96949,-90.00119,0.1,55,56,SHORT_GAP
367611250,2022-02-28 05:43:56+00:00,2022-02-28 05:59:06+00:00,15.1667,0.2528,28.96956,-90.0012,0.6,40.3,,28.96953,-90.0012,0.5,56,57,SHORT_GAP
367611250,2022-02-28 11:33:27+00:00,2022-02-28 13:02:27+00:00,89.0,1.4833,28.96965,-90.00109,0.6,63.1,,28.96849,-90.00184,5.3,57,58,SIGNIFICANT_GAP
367611250,2022-02-28 15:18:36+00:00,2022-02-28 16:18:17+00:00,59.6833,0.9947,28.96916,-90.00208,6.4,242.5,,28.97064,-90.03544,10.1,58,59,SHORT_GAP
367611250,2022-02-28 16:19:45+00:00,2022-03-01 01:19:57+00:00,540.2,9.0033,28.9733,-90.0389,10.0,309.9,,28.96829,-90.00527,8.6,59,60,LONG_GAP
367611250,2022-03-01 11:43:56+00:00,2022-03-02 01:17:26+00:00,813.5,13.5583,28.96937,-90.00176,3.7,234.7,,28.96869,-90.00637,7.0,60,61,LONG_GAP
367611250,2022-03-02 08:38:07+00:00,2022-03-03 12:22:25+00:00,1664.3,27.7383,28.96833,-90.00474,1.2,202.2,,29.04019,-89.96381,10.3,61,62,LONG_GAP
367611250,2022-03-03 12:52:25+00:00,2022-03-03 14:02:37+00:00,70.2,1.17,28.96969,-90.00369,10.6,228.0,,28.9701,-89.98891,9.5,62,63,SIGNIFICANT_GAP
367611250,2022-03-03 15:00:06+00:00,2022-03-03 23:05:57+00:00,485.85,8.0975,29.00128,-90.02477,10.5,270.8,,29.00054,-90.03632,8.8,63,64,LONG_GAP
367611250,2022-03-03 23:57:17+00:00,2022-03-05 00:35:05+00:00,1477.8,24.63,28.96952,-89.99486,10.9,239.4,,28.96818,-90.00043,9.6,64,65,LONG_GAP
367613490,2022-01-03 15:32:55+00:00,2022-01-05 00:00:03+00:00,1947.1333,32.4522,29.04018,-90.03688,9.8,242.8,241.0,28.97242,-90.038,11.5,0,1,LONG_GAP
367613490,2022-01-05 00:05:35+00:00,2022-01-06 01:26:07+00:00,1520.5333,25.3422,28.96844,-90.01808,11.6,102.0,105.0,28.96917,-90.01738,9.9,1,2,LONG_GAP
367613490,2022-01-06 01:32:57+00:00,2022-01-10 23:21:16+00:00,7068.3167,117.8053,28.97372,-90.03823,9.9,283.6,281.0,29.03356,-90.03662,10.0,2,3,LONG_GAP
367613490,2022-01-10 23:27:08+00:00,2022-01-17 12:13:42+00:00,9406.5667,156.7761,29.04216,-90.0206,10.1,59.4,57.0,28.96876,-90.02051,9.4,3,4,LONG_GAP
367613490,2022-01-17 12:18:41+00:00,2022-01-18 06:22:10+00:00,1083.4833,18.0581,28.97207,-90.03492,9.4,283.8,284.0,28.9721,-90.03628,11.0,4,5,LONG_GAP
367613490,2022-01-18 06:25:42+00:00,2022-01-20 03:37:07+00:00,2711.4167,45.1903,28.96904,-90.02453,11.0,106.5,105.0,28.96881,-90.02582,9.7,5,6,LONG_GAP
367613490,2022-01-20 03:40:56+00:00,2022-01-20 23:31:20+00:00,1190.4,19.84,28.97124,-90.03705,9.5,284.0,281.0,29.04018,-90.037,10.3,6,7,LONG_GAP
367613490,2022-01-20 23:32:40+00:00,2022-01-22 10:35:21+00:00,2102.6833,35.0447,29.04226,-90.03326,10.3,57.2,54.0,29.0433,-90.02686,9.7,7,8,LONG_GAP
367613490,2022-01-22 10:39:12+00:00,2022-01-24 10:50:17+00:00,2891.0833,48.1847,29.03818,-90.03717,9.8,240.4,236.0,28.96885,-90.02454,9.2,8,9,LONG_GAP
367613490,2022-01-24 10:54:29+00:00,2022-01-25 10:00:58+00:00,1386.4833,23.1081,28.97161,-90.03635,9.1,285.1,282.0,28.97027,-90.0348,10.4,9,10,LONG_GAP
367613490,2022-01-25 10:03:18+00:00,2022-01-27 10:21:42+00:00,2898.4,48.3067,28.96869,-90.02734,10.4,102.6,108.0,28.96855,-90.02582,7.9,10,11,LONG_GAP
367613490,2022-01-27 10:26:12+00:00,2022-01-28 09:22:12+00:00,1376.0,22.9333,28.97128,-90.03679,8.0,284.7,285.0,28.97257,-90.03667,10.6,11,12,LONG_GAP
367613490,2022-01-28 09:26:52+00:00,2022-02-01 03:58:37+00:00,5431.75,90.5292,28.96866,-90.02156,10.7,106.8,105.0,28.97184,-90.03762,10.2,12,13,LONG_GAP
367613490,2022-02-01 04:02:37+00:00,2022-02-04 19:31:30+00:00,5248.8833,87.4814,28.96882,-90.02519,10.1,105.3,110.0,29.04076,-90.0329,10.3,13,14,LONG_GAP
367613490,2022-02-04 19:32:40+00:00,2022-02-07 10:41:23+00:00,3788.7167,63.1453,29.03903,-90.03617,10.2,239.6,236.0,28.96829,-90.02476,8.6,14,15,LONG_GAP
367613490,2022-02-07 10:46:22+00:00,2022-02-09 22:33:04+00:00,3586.7,59.7783,28.97143,-90.03798,8.8,285.5,283.0,28.97158,-90.03627,10.7,15,16,LONG_GAP
367613490,2022-02-09 22:36:44+00:00,2022-02-13 01:57:04+00:00,4520.3333,75.3389,28.96879,-90.02423,10.7,104.7,105.0,28.97324,-90.03583,11.0,16,17,LONG_GAP
367613490,2022-02-13 02:02:25+00:00,2022-02-14 05:08:12+00:00,1625.7833,27.0964,28.96828,-90.018,11.0,107.8,107.0,28.96887,-90.02969,9.6,17,18,LONG_GAP
367613490,2022-02-14 05:10:33+00:00,2022-02-15 00:23:43+00:00,1153.1667,19.2194,28.97066,-90.03659,9.6,287.2,286.0,28.97176,-90.0358,10.9,18,19,LONG_GAP
367613490,2022-02-15 00:27:33+00:00,2022-02-16 01:56:03+00:00,1528.5,25.475,28.96858,-90.02306,10.9,106.0,105.0,28.96862,-90.02535,9.9,19,20,LONG_GAP
367613490,2022-02-16 01:59:23+00:00,2022-02-16 22:17:33+00:00,1218.1667,20.3028,28.97095,-90.03537,9.8,284.7,282.0,28.9721,-90.03866,9.9,20,21,LONG_GAP
367613490,2022-02-16 22:22:43+00:00,2022-02-18 19:51:16+00:00,2728.55,45.4758,28.96849,-90.02305,9.7,104.4,107.0,28.96823,-90.0179,10.0,21,22,LONG_GAP
367613490,2022-02-18 19:56:37+00:00,2022-02-19 18:12:36+00:00,1335.9833,22.2664,28.97225,-90.03437,10.0,285.5,285.0,28.97187,-90.03827,9.4,22,23,LONG_GAP
367613490,2022-02-19 18:18:27+00:00,2022-02-21 00:54:51+00:00,1836.4,30.6067,28.96814,-90.02124,9.4,103.7,100.0,28.96875,-90.02325,10.7,23,24,LONG_GAP
367613490,2022-02-21 00:59:31+00:00,2022-02-21 19:24:11+00:00,1104.6667,18.4111,28.97257,-90.03835,10.6,286.4,285.0,28.97226,-90.03891,10.7,24,25,LONG_GAP
367613490,2022-02-21 19:27:41+00:00,2022-02-23 01:12:30+00:00,1784.8167,29.7469,28.96885,-90.0277,10.7,108.8,106.0,28.96881,-90.02249,9.8,25,26,LONG_GAP
367613490,2022-02-23 01:18:00+00:00,2022-02-24 14:58:59+00:00,2260.9833,37.6831,28.97273,-90.03909,9.9,285.8,283.0,28.9747,-90.03602,9.6,26,27,LONG_GAP
367613490,2022-02-24 15:08:00+00:00,2022-02-28 02:19:19+00:00,4991.3167,83.1886,28.96848,-90.00935,9.5,104.8,109.0,28.96866,-90.03701,9.5,27,28,LONG_GAP
367613490,2022-02-28 02:19:19+00:00,2022-03-01 04:53:59+00:00,1594.6667,26.5778,28.96866,-90.03701,9.5,103.4,100.0,28.96828,-90.02531,10.0,28,29,LONG_GAP
367613490,2022-03-01 04:58:09+00:00,2022-03-03 01:10:24+00:00,2652.25,44.2042,28.9714,-90.03826,10.0,285.5,284.0,28.97222,-90.03685,9.8,29,30,LONG_GAP
367613490,2022-03-03 01:14:53+00:00,2022-03-04 10:11:34+00:00,1976.6833,32.9447,28.96885,-90.02326,9.8,105.3,107.0,28.97025,-90.03504,10.0,30,31,LONG_GAP
367613490,2022-03-04 10:11:34+00:00,2022-03-05 06:09:23+00:00,1197.8167,19.9636,28.97025,-90.03504,10.0,285.7,285.0,28.97114,-90.03635,9.9,31,32,LONG_GAP
367613490,2022-03-05 06:13:23+00:00,2022-03-06 23:04:25+00:00,2451.0333,40.8506,28.96817,-90.02412,9.9,105.5,104.0,28.96832,-90.02698,10.2,32,33,LONG_GAP
367613490,2022-03-06 23:07:03+00:00,2022-03-07 19:02:25+00:00,1195.3667,19.9228,28.97022,-90.03528,10.0,284.9,282.0,28.9707,-90.03763,9.8,33,34,LONG_GAP
367613490,2022-03-07 19:05:55+00:00,2022-03-09 04:50:42+00:00,2024.7833,33.7464,28.96857,-90.02686,9.9,102.4,101.0,28.96889,-90.0274,8.9,34,35,LONG_GAP
367613490,2022-03-09 04:52:03+00:00,2022-03-10 07:48:24+00:00,1616.35,26.9392,28.96974,-90.03106,8.9,285.1,281.0,28.97111,-90.03766,10.3,35,36,LONG_GAP
367613490,2022-03-10 07:52:12+00:00,2022-03-13 02:35:13+00:00,4003.0167,66.7169,28.96848,-90.02544,10.4,103.5,104.0,29.03938,-90.03843,10.6,36,37,LONG_GAP
367613490,2022-03-13 02:37:34+00:00,2022-03-15 14:32:33+00:00,3594.9833,59.9164,29.04289,-90.03153,10.6,59.9,59.0,28.97153,-90.038,11.0,37,38,LONG_GAP
367613490,2022-03-15 14:36:02+00:00,2022-03-17 09:34:02+00:00,2578.0,42.9667,28.96869,-90.02613,10.9,105.5,103.0,28.96894,-90.02525,9.7,38,39,LONG_GAP
367613490,2022-03-17 09:38:22+00:00,2022-03-18 19:34:19+00:00,2035.95,33.9325,28.97187,-90.0383,9.7,284.1,284.0,28.97075,-90.03593,10.8,39,40,LONG_GAP
367613490,2022-03-18 19:37:50+00:00,2022-03-20 09:47:12+00:00,2289.3667,38.1561,28.9682,-90.0242,10.8,104.4,102.0,28.96883,-90.02519,9.7,40,41,LONG_GAP
367613490,2022-03-20 09:50:52+00:00,2022-03-24 02:04:42+00:00,5293.8333,88.2306,28.97145,-90.03606,9.7,285.3,287.0,28.97014,-90.03737,9.9,41,42,LONG_GAP
367613490,2022-03-24 02:07:12+00:00,2022-03-29 11:19:21+00:00,7752.15,129.2025,28.96808,-90.02972,10.0,107.5,105.0,28.96853,-90.01945,9.2,42,43,LONG_GAP
367624510,2022-01-17 23:17:38+00:00,2022-02-12 04:01:14+00:00,36283.6,604.7267,29.00115,-89.95305,7.3,85.5,,28.99223,-89.95114,6.7,0,1,LONG_GAP
367630990,2022-01-18 01:17:45+00:00,2022-01-19 03:11:18+00:00,1553.55,25.8925,28.96862,-89.96181,10.2,102.2,105.0,28.96843,-90.00752,10.2,0,1,LONG_GAP
367630990,2022-01-19 03:20:29+00:00,2022-02-15 02:33:49+00:00,38833.3333,647.2222,28.97464,-90.03631,10.2,285.4,284.0,28.97279,-90.03569,10.4,1,2,LONG_GAP
367630990,2022-02-15 02:38:38+00:00,2022-02-16 00:44:55+00:00,1326.2833,22.1047,28.96897,-90.02051,10.3,106.3,106.0,28.96817,-89.98562,10.5,2,3,LONG_GAP
367630990,2022-02-16 01:01:34+00:00,2022-03-01 01:26:34+00:00,18745.0,312.4167,28.98706,-90.03536,10.2,285.2,286.0,28.97384,-90.0389,9.4,3,4,LONG_GAP
367630990,2022-03-01 01:34:26+00:00,2022-03-03 01:47:45+00:00,2893.3167,48.2219,28.96865,-90.01628,9.3,105.7,106.0,28.96831,-90.01501,11.0,4,5,LONG_GAP
367630990,2022-03-03 01:54:44+00:00,2022-03-16 10:56:50+00:00,19262.1,321.035,28.97493,-90.03834,11.1,285.8,284.0,28.96829,-90.02545,9.9,5,6,LONG_GAP
367630990,2022-03-16 11:01:29+00:00,2022-03-29 21:25:58+00:00,19344.4833,322.4081,28.9731,-90.03865,9.7,287.9,291.0,28.96877,-90.01791,9.2,6,7,LONG_GAP
367634690,2022-01-04 05:47:26+00:00,2022-01-05 04:18:30+00:00,1351.0667,22.5178,28.97815,-89.95105,18.1,110.9,110.0,28.9913,-89.95239,18.2,0,1,LONG_GAP
367634690,2022-01-05 04:34:08+00:00,2022-02-08 02:42:06+00:00,48847.9667,814.1328,29.01403,-90.03837,18.0,286.2,288.0,28.98306,-90.01227,19.5,1,2,LONG_GAP
367634690,2022-02-08 02:42:06+00:00,2022-02-22 07:39:45+00:00,20457.65,340.9608,28.98306,-90.01227,19.5,292.4,295.0,28.97694,-90.00216,17.3,2,3,LONG_GAP
367634690,2022-02-22 07:41:50+00:00,2022-02-23 01:08:08+00:00,1046.3,17.4383,28.97319,-89.99156,17.3,112.6,113.0,28.96967,-89.96764,21.4,3,4,LONG_GAP
367634690,2022-02-23 01:19:28+00:00,2022-03-01 06:35:45+00:00,8956.2833,149.2714,28.99227,-90.03504,20.9,300.5,303.0,29.0024,-90.03432,19.3,4,5,LONG_GAP
367634690,2022-03-01 06:49:32+00:00,2022-03-02 00:32:22+00:00,1062.8333,17.7139,28.97791,-89.9545,19.4,110.2,109.0,28.96921,-89.9836,20.6,5,6,LONG_GAP
367634690,2022-03-02 00:40:53+00:00,2022-03-07 06:29:10+00:00,7548.2833,125.8047,28.98633,-90.03529,20.4,290.9,291.0,28.99825,-90.03916,17.2,6,7,LONG_GAP
367634690,2022-03-07 06:44:10+00:00,2022-03-08 03:55:58+00:00,1271.8,21.1967,28.96949,-89.96425,17.4,114.6,115.0,28.98049,-89.95579,19.5,7,8,LONG_GAP
367634690,2022-03-08 04:08:58+00:00,2022-03-16 02:12:29+00:00,11403.5167,190.0586,29.00161,-90.03392,19.1,286.0,289.0,28.96887,-90.01738,18.4,8,9,LONG_GAP
367634690,2022-03-16 02:16:23+00:00,2022-03-20 04:19:11+00:00,5882.8,98.0467,28.97696,-90.03803,18.6,293.8,295.0,28.99827,-90.03421,18.4,9,10,LONG_GAP
367638420,2022-01-14 10:39:20+00:00,2022-01-14 12:56:07+00:00,136.7833,2.2797,29.04324,-90.01412,3.0,40.9,,29.04346,-90.01762,3.1,0,1,SIGNIFICANT_GAP
367640510,2022-01-08 19:37:47+00:00,2022-01-18 19:42:17+00:00,14404.5,240.075,28.99987,-90.03914,19.1,295.5,298.0,28.99447,-90.03674,18.5,0,1,LONG_GAP
367640510,2022-01-18 19:55:24+00:00,2022-01-20 07:15:27+00:00,2120.05,35.3342,28.96883,-89.96458,18.8,111.2,115.0,28.96973,-89.96568,18.5,1,2,LONG_GAP
367640510,2022-01-20 07:29:03+00:00,2022-01-24 14:47:37+00:00,6198.5667,103.3094,28.99854,-90.03567,19.3,268.6,273.0,28.99419,-90.03816,19.6,2,3,LONG_GAP
367640510,2022-01-24 14:58:20+00:00,2022-01-25 09:54:24+00:00,1136.0667,18.9344,28.96997,-89.97741,19.6,113.3,116.0,28.96809,-89.95762,18.1,3,4,LONG_GAP
367640510,2022-01-25 10:08:17+00:00,2022-01-27 10:33:24+00:00,2905.1167,48.4186,28.98417,-90.03417,17.8,283.1,283.0,28.99388,-90.03545,18.8,4,5,LONG_GAP
367640510,2022-01-27 10:45:06+00:00,2022-01-28 07:17:36+00:00,1232.5,20.5417,28.96917,-89.97225,18.3,112.6,115.0,28.96804,-90.02602,19.8,5,6,LONG_GAP
367640510,2022-01-28 07:19:36+00:00,2022-02-06 21:25:02+00:00,13805.4333,230.0906,28.97126,-90.03809,20.1,288.3,290.0,28.97757,-90.03359,19.1,6,7,LONG_GAP
367640510,2022-02-06 21:31:49+00:00,2022-02-12 06:06:37+00:00,7714.8,128.58,28.96963,-89.99394,19.0,103.8,105.0,28.99444,-90.03826,18.2,7,8,LONG_GAP
367640510,2022-02-12 06:21:10+00:00,2022-02-14 14:12:18+00:00,3351.1333,55.8522,28.96866,-89.97262,18.2,112.6,116.0,28.96944,-89.96923,19.5,8,9,LONG_GAP
367640510,2022-02-14 14:25:30+00:00,2022-02-15 09:42:16+00:00,1156.7667,19.2794,28.99518,-90.03633,18.3,294.2,299.0,28.99503,-90.03906,19.1,9,10,LONG_GAP
367640510,2022-02-15 09:54:33+00:00,2022-02-16 07:07:49+00:00,1273.2667,21.2211,28.96882,-89.97401,18.4,113.2,118.0,28.96876,-89.96888,19.3,10,11,LONG_GAP
367640510,2022-02-16 07:19:42+00:00,2022-02-21 17:48:32+00:00,7828.8333,130.4806,28.98459,-90.03608,18.9,282.0,286.0,28.99017,-90.03887,18.3,11,12,LONG_GAP
367640510,2022-02-21 18:04:09+00:00,2022-02-22 10:33:18+00:00,989.15,16.4858,28.96894,-89.99098,18.0,116.4,117.0,28.96816,-89.96625,20.0,12,13,LONG_GAP
367640510,2022-02-22 10:43:43+00:00,2022-02-23 15:47:29+00:00,1743.7667,29.0628,28.98935,-90.0292,20.6,292.5,295.0,28.98212,-90.03642,18.6,13,14,LONG_GAP
367640510,2022-02-23 15:56:47+00:00,2022-02-24 04:21:31+00:00,744.7333,12.4122,28.9697,-89.98537,17.8,111.1,118.0,29.01507,-89.9558,19.5,14,15,LONG_GAP
367640510,2022-02-24 04:34:25+00:00,2022-03-06 19:16:46+00:00,15282.35,254.7058,29.01108,-90.0342,20.0,286.1,285.0,28.99464,-90.03782,17.8,15,16,LONG_GAP
367640510,2022-03-06 19:28:53+00:00,2022-03-07 20:49:14+00:00,1520.35,25.3392,28.96915,-89.97582,17.7,117.0,118.0,28.96927,-89.98097,20.5,16,17,LONG_GAP
367640510,2022-03-07 20:58:56+00:00,2022-03-25 22:40:33+00:00,26021.6167,433.6936,28.99158,-90.03556,19.0,292.3,295.0,28.99322,-90.03081,19.0,17,18,LONG_GAP
367640510,2022-03-25 22:52:04+00:00,2022-03-26 15:33:59+00:00,1001.9167,16.6986,28.96969,-89.96547,18.9,109.8,114.0,28.96844,-89.95676,19.7,18,19,LONG_GAP
367640910,2021-12-31 07:35:21+00:00,2021-12-31 21:38:57+00:00,843.6,14.06,28.96993,-90.01719,19.0,118.6,117.0,28.99315,-89.95045,19.0,0,1,LONG_GAP
367640910,2021-12-31 21:54:57+00:00,2022-01-04 07:14:31+00:00,4879.5667,81.3261,29.01674,-90.03771,18.0,282.7,278.0,28.99717,-90.03578,19.5,1,2,LONG_GAP
367640910,2022-01-04 07:25:43+00:00,2022-01-04 22:55:01+00:00,929.3,15.4883,28.9705,-89.97338,19.6,114.6,111.0,28.99489,-89.95583,19.0,2,3,LONG_GAP
367640910,2022-01-04 23:08:43+00:00,2022-01-05 07:12:13+00:00,483.5,8.0583,29.01316,-90.03562,19.0,280.4,278.0,29.00389,-90.02542,19.5,3,4,LONG_GAP
367640910,2022-01-05 07:24:44+00:00,2022-01-05 16:57:41+00:00,572.95,9.5492,28.97136,-89.9595,19.7,110.8,110.0,28.99339,-89.95499,20.0,4,5,LONG_GAP
367640910,2022-01-05 17:10:35+00:00,2022-01-06 07:12:37+00:00,842.0333,14.0339,29.01207,-90.03325,19.7,281.7,281.0,29.01028,-90.03675,18.7,5,6,LONG_GAP
367640910,2022-01-06 07:28:37+00:00,2022-01-06 22:40:17+00:00,911.6667,15.1944,28.96932,-89.96353,18.6,108.4,109.0,28.99438,-89.9546,19.9,6,7,LONG_GAP
367640910,2022-01-06 22:53:53+00:00,2022-01-07 07:21:44+00:00,507.85,8.4642,29.01409,-90.03632,20.0,273.8,272.0,29.00589,-90.02289,19.9,7,8,LONG_GAP
367640910,2022-01-07 07:33:47+00:00,2022-01-07 08:09:59+00:00,36.2,0.6033,28.98409,-89.95351,19.6,111.3,107.0,28.99135,-89.95008,15.7,8,9,SHORT_GAP
367640910,2022-01-07 08:25:51+00:00,2022-01-08 07:42:20+00:00,1396.4833,23.2747,29.01466,-90.03557,19.8,288.9,292.0,29.00627,-90.02907,17.8,9,10,LONG_GAP
367640910,2022-01-08 07:55:43+00:00,2022-01-08 21:12:42+00:00,796.9833,13.2831,28.98333,-89.95729,18.5,103.1,103.0,28.99882,-89.9523,19.8,10,11,LONG_GAP
367640910,2022-01-08 21:26:12+00:00,2022-01-12 07:21:31+00:00,4915.3167,81.9219,29.01632,-90.03296,19.8,280.5,278.0,29.00758,-90.03632,18.6,11,12,LONG_GAP
367640910,2022-01-12 07:35:01+00:00,2022-01-12 19:32:04+00:00,717.05,11.9508,28.98395,-89.96097,19.0,101.6,102.0,28.99217,-89.95256,20.4,12,13,LONG_GAP
367640910,2022-01-12 19:46:22+00:00,2022-01-13 08:11:43+00:00,745.35,12.4225,29.01267,-90.03918,19.7,288.1,288.0,29.00752,-90.03651,19.7,13,14,LONG_GAP
367640910,2022-01-13 08:24:55+00:00,2022-01-13 18:56:37+00:00,631.7,10.5283,28.98898,-89.95666,20.3,102.8,101.0,29.00962,-89.95297,20.4,14,15,LONG_GAP
367640910,2022-01-13 18:59:07+00:00,2022-01-14 06:48:29+00:00,709.3667,11.8228,29.01205,-89.96893,20.5,275.7,276.0,29.00817,-90.03706,19.6,15,16,LONG_GAP
367640910,2022-01-14 06:59:41+00:00,2022-01-14 18:11:18+00:00,671.6167,11.1936,28.98753,-89.9691,20.7,113.4,111.0,28.99575,-89.98419,21.2,16,17,LONG_GAP
367640910,2022-01-14 18:19:05+00:00,2022-01-15 07:07:55+00:00,768.8333,12.8139,29.00738,-90.03453,21.1,289.0,286.0,29.00551,-90.03359,19.2,17,18,LONG_GAP
367640910,2022-01-15 07:21:37+00:00,2022-01-15 18:51:28+00:00,689.85,11.4975,28.98109,-89.95549,19.9,114.3,113.0,28.98859,-89.95379,20.0,18,19,LONG_GAP
367640910,2022-01-15 18:59:52+00:00,2022-01-18 07:16:52+00:00,3617.0,60.2833,29.00209,-90.0049,19.9,287.9,286.0,29.004,-90.02977,19.1,19,20,LONG_GAP
367640910,2022-01-18 07:30:09+00:00,2022-01-18 18:23:52+00:00,653.7167,10.8953,28.97939,-89.95436,19.2,110.0,109.0,28.9952,-89.9569,21.7,20,21,LONG_GAP
367640910,2022-01-18 18:35:16+00:00,2022-01-19 09:03:01+00:00,867.75,14.4625,29.01193,-90.03437,22.0,283.2,283.0,29.00596,-90.03111,21.0,21,22,LONG_GAP
367640910,2022-01-19 09:15:38+00:00,2022-01-19 18:25:31+00:00,549.8833,9.1647,28.98175,-89.95292,21.4,108.0,105.0,29.00164,-89.95543,21.9,22,23,LONG_GAP
367640910,2022-01-19 18:37:46+00:00,2022-01-20 00:15:47+00:00,338.0167,5.6336,29.01779,-90.03716,21.6,288.1,286.0,29.00882,-90.03219,20.1,23,24,SIGNIFICANT_GAP
367640910,2022-01-20 00:29:12+00:00,2022-01-20 12:15:42+00:00,706.5,11.775,28.98642,-89.9532,20.3,112.2,113.0,29.01171,-90.00841,19.1,24,25,LONG_GAP
367640910,2022-01-20 12:19:29+00:00,2022-01-28 01:09:28+00:00,10849.9833,180.8331,29.0159,-90.03196,20.2,280.3,282.0,29.00843,-90.03104,20.1,25,26,LONG_GAP
367640910,2022-01-28 01:22:34+00:00,2022-01-28 16:39:44+00:00,917.1667,15.2861,28.98049,-89.95568,19.8,110.2,109.0,29.00608,-89.95037,18.2,26,27,LONG_GAP
367640910,2022-01-28 16:53:56+00:00,2022-01-31 18:27:41+00:00,4413.75,73.5625,29.01816,-90.03245,18.7,279.0,279.0,29.00528,-90.03624,19.4,27,28,LONG_GAP
367640910,2022-01-31 18:41:29+00:00,2022-02-01 03:27:08+00:00,525.65,8.7608,28.9824,-89.9553,19.5,113.3,113.0,28.98523,-89.9503,20.9,28,29,LONG_GAP
367640910,2022-02-01 03:41:21+00:00,2022-02-06 22:31:39+00:00,8330.3,138.8383,29.01054,-90.03855,20.1,292.7,291.0,29.01116,-90.01975,102.3,29,30,LONG_GAP
367640910,2022-02-06 22:31:39+00:00,2022-02-07 06:37:17+00:00,485.6333,8.0939,29.01116,-90.01975,102.3,,290.0,29.00653,-90.03695,21.4,30,31,LONG_GAP
367640910,2022-02-07 06:50:04+00:00,2022-02-07 17:51:39+00:00,661.5833,11.0264,28.97919,-89.95522,21.5,106.1,105.0,29.0088,-89.95786,23.1,31,32,LONG_GAP
367640910,2022-02-07 17:55:04+00:00,2022-02-08 07:17:58+00:00,802.9,13.3817,29.01406,-89.98206,22.9,273.5,274.0,28.99444,-89.99866,18.7,32,33,LONG_GAP
367640910,2022-02-08 07:26:16+00:00,2022-02-08 16:23:55+00:00,537.65,8.9608,28.98158,-89.95124,18.8,104.4,103.0,29.00304,-89.95721,21.3,33,34,LONG_GAP
367640910,2022-02-08 16:36:25+00:00,2022-02-09 07:20:50+00:00,884.4167,14.7403,29.02081,-90.0382,21.9,260.0,259.0,28.99648,-90.0048,21.0,34,35,LONG_GAP
367640910,2022-02-09 07:28:57+00:00,2022-02-09 15:55:03+00:00,506.1,8.435,28.98098,-89.9531,21.4,114.4,114.0,28.99715,-89.95247,23.1,35,36,LONG_GAP
367640910,2022-02-09 16:07:27+00:00,2022-02-10 07:14:05+00:00,906.6333,15.1106,29.01609,-90.03807,22.1,286.4,286.0,28.98854,-89.98063,22.1,36,37,LONG_GAP
367640910,2022-02-10 07:16:05+00:00,2022-02-10 16:37:49+00:00,561.7333,9.3622,28.98486,-89.96725,22.1,104.9,105.0,28.99526,-89.95337,23.1,37,38,LONG_GAP
367640910,2022-02-10 16:49:43+00:00,2022-02-11 07:13:09+00:00,863.4333,14.3906,29.01323,-90.03707,22.7,284.2,283.0,29.00566,-90.03278,19.5,38,39,LONG_GAP
367640910,2022-02-11 07:26:27+00:00,2022-02-11 16:55:47+00:00,569.3333,9.4889,28.98064,-89.95481,19.8,111.6,110.0,29.00029,-89.95528,20.7,39,40,LONG_GAP
367640910,2022-02-11 17:08:04+00:00,2022-02-12 02:54:23+00:00,586.3167,9.7719,29.01326,-90.03418,20.6,280.5,280.0,29.0077,-90.03528,18.2,40,41,LONG_GAP
367640910,2022-02-12 03:09:47+00:00,2022-02-13 00:45:13+00:00,1295.4333,21.5906,28.98165,-89.951,18.3,109.4,109.0,28.98561,-89.95078,18.7,41,42,LONG_GAP
367640910,2022-02-13 01:00:19+00:00,2022-02-15 07:05:49+00:00,3245.5,54.0917,29.01074,-90.03474,18.5,291.7,290.0,29.00806,-90.0371,21.8,42,43,LONG_GAP
367640910,2022-02-15 07:19:08+00:00,2022-02-15 17:45:43+00:00,626.5833,10.4431,28.98061,-89.95115,21.9,111.4,109.0,28.99435,-89.95459,21.2,43,44,LONG_GAP
367640910,2022-02-15 17:58:25+00:00,2022-02-19 02:53:25+00:00,4855.0,80.9167,29.01315,-90.0369,21.2,282.4,281.0,29.01179,-90.03874,17.9,44,45,LONG_GAP
367640910,2022-02-19 03:09:55+00:00,2022-02-19 18:58:55+00:00,949.0,15.8167,28.98268,-89.95226,17.5,110.1,109.0,29.00036,-89.95357,19.5,45,46,LONG_GAP
367640910,2022-02-19 19:12:11+00:00,2022-02-20 13:59:50+00:00,1127.65,18.7942,29.01266,-90.03459,19.7,292.4,291.0,29.00012,-90.02432,18.5,46,47,LONG_GAP
367640910,2022-02-20 14:00:01+00:00,2022-02-21 02:03:59+00:00,723.9667,12.0661,28.99981,-90.0233,18.7,109.6,107.0,28.99791,-89.97018,21.8,47,48,LONG_GAP
367640910,2022-02-21 02:14:42+00:00,2022-02-21 07:19:59+00:00,305.2833,5.0881,29.01527,-90.03888,20.5,290.3,289.0,29.00911,-90.03877,20.6,48,49,SIGNIFICANT_GAP
367640910,2022-02-21 07:33:30+00:00,2022-02-22 00:44:39+00:00,1031.15,17.1858,28.98252,-89.95648,20.7,104.2,105.0,28.99608,-89.95455,21.6,49,50,LONG_GAP
367640910,2022-02-22 00:56:27+00:00,2022-02-22 17:17:56+00:00,981.4833,16.3581,29.01558,-90.0342,21.8,287.2,286.0,29.01097,-89.95356,19.9,50,51,LONG_GAP
367640910,2022-02-22 17:31:11+00:00,2022-02-23 07:10:18+00:00,819.1167,13.6519,29.03088,-90.03919,20.9,273.7,271.0,29.00692,-90.03665,19.6,51,52,LONG_GAP
367640910,2022-02-23 07:25:05+00:00,2022-02-23 17:07:25+00:00,582.3333,9.7056,28.97946,-89.94975,20.4,103.1,105.0,29.01131,-89.95697,22.7,52,53,LONG_GAP
367640910,2022-02-23 17:19:11+00:00,2022-02-24 07:08:22+00:00,829.1833,13.8197,29.02001,-90.03646,21.0,278.7,273.0,29.0104,-90.03106,20.4,53,54,LONG_GAP
367640910,2022-02-24 07:16:34+00:00,2022-02-24 14:45:31+00:00,448.95,7.4825,28.98931,-89.98543,19.8,115.0,116.0,28.98083,-89.94978,21.6,54,55,LONG_GAP
367640910,2022-02-24 14:58:35+00:00,2022-02-25 07:44:35+00:00,1006.0,16.7667,29.00604,-90.03575,21.8,282.7,280.0,29.00278,-89.96283,19.9,55,56,LONG_GAP
367640910,2022-02-25 07:44:35+00:00,2022-02-25 21:08:45+00:00,804.1667,13.4028,29.00278,-89.96283,19.9,88.0,91.0,28.99141,-89.95198,22.2,56,57,LONG_GAP
367640910,2022-02-25 21:21:39+00:00,2022-02-26 07:17:16+00:00,595.6167,9.9269,29.01266,-90.03609,21.6,283.1,287.0,29.01791,-90.03417,18.1,57,58,LONG_GAP
367640910,2022-02-26 07:32:35+00:00,2022-02-26 19:34:27+00:00,721.8667,12.0311,28.99278,-89.95065,18.1,109.9,110.0,29.00961,-89.94979,21.7,58,59,LONG_GAP
367640910,2022-02-26 19:48:26+00:00,2022-02-27 07:17:46+00:00,689.3333,11.4889,29.02003,-90.03925,20.4,265.0,263.0,29.00835,-90.01575,18.6,59,60,LONG_GAP
367640910,2022-02-27 07:29:16+00:00,2022-02-27 16:51:07+00:00,561.85,9.3642,28.98119,-89.95646,19.3,110.9,109.0,28.99435,-89.95182,21.9,60,61,LONG_GAP
367640910,2022-02-27 17:03:12+00:00,2022-02-28 07:03:11+00:00,839.9833,13.9997,29.01177,-90.03482,22.3,278.3,280.0,29.00825,-90.0358,21.2,61,62,LONG_GAP
367640910,2022-02-28 07:16:51+00:00,2022-02-28 19:04:27+00:00,707.6,11.7933,28.98067,-89.94991,20.8,104.5,102.0,28.98766,-89.95512,22.7,62,63,LONG_GAP
367640910,2022-02-28 19:16:36+00:00,2022-03-01 06:49:27+00:00,692.85,11.5475,29.01166,-90.03619,21.7,285.5,283.0,29.01045,-90.03573,20.9,63,64,LONG_GAP
367640910,2022-03-01 07:02:28+00:00,2022-03-01 14:38:39+00:00,456.1833,7.6031,28.98465,-89.9558,20.9,128.1,125.0,28.99762,-89.9501,23.4,64,65,LONG_GAP
367640910,2022-03-01 14:50:35+00:00,2022-03-02 06:08:27+00:00,917.8667,15.2978,29.01159,-90.03545,23.1,274.2,274.0,29.00491,-90.03793,21.8,65,66,LONG_GAP
367640910,2022-03-02 06:21:58+00:00,2022-03-02 13:35:31+00:00,433.55,7.2258,28.97992,-89.95199,21.5,110.1,109.0,28.99203,-89.94988,22.0,66,67,LONG_GAP
367640910,2022-03-02 13:48:25+00:00,2022-03-03 06:21:30+00:00,993.0833,16.5514,29.00951,-90.03727,22.0,283.4,285.0,29.01028,-90.03711,21.3,67,68,LONG_GAP
367640910,2022-03-03 06:35:24+00:00,2022-03-03 14:26:23+00:00,470.9833,7.8497,28.97256,-89.95528,21.1,108.3,108.0,28.99252,-89.95096,22.3,68,69,LONG_GAP
367640910,2022-03-03 14:38:30+00:00,2022-03-04 08:34:09+00:00,1075.65,17.9275,29.01034,-90.03276,22.0,283.2,284.0,28.99661,-90.00492,19.4,69,70,LONG_GAP
367640910,2022-03-04 08:40:52+00:00,2022-03-04 20:31:32+00:00,710.6667,11.8444,28.98331,-89.96591,19.6,107.8,107.0,28.99997,-89.95413,21.7,70,71,LONG_GAP
367640910,2022-03-04 20:44:14+00:00,2022-03-05 09:15:34+00:00,751.3333,12.5222,29.02067,-90.03657,21.0,286.8,288.0,29.00439,-90.02453,19.5,71,72,LONG_GAP
367640910,2022-03-05 09:28:16+00:00,2022-03-05 21:55:32+00:00,747.2667,12.4544,28.97907,-89.95117,19.8,111.0,109.0,28.99562,-89.95559,21.9,72,73,LONG_GAP
367640910,2022-03-05 22:07:37+00:00,2022-03-08 11:45:10+00:00,3697.55,61.6258,29.01516,-90.03347,19.7,273.5,274.0,29.00558,-90.03846,17.5,73,74,LONG_GAP
367640910,2022-03-08 12:01:28+00:00,2022-03-08 22:39:38+00:00,638.1667,10.6361,28.97907,-89.95276,17.2,116.7,116.0,28.994,-89.95173,21.7,74,75,LONG_GAP
367640910,2022-03-08 22:52:14+00:00,2022-03-09 07:31:58+00:00,519.7333,8.6622,29.01462,-90.03429,21.4,283.9,281.0,28.99692,-90.01146,21.2,75,76,LONG_GAP
367640910,2022-03-09 07:41:27+00:00,2022-03-09 15:43:36+00:00,482.15,8.0358,28.97814,-89.95267,20.0,111.5,112.0,28.98989,-89.95025,23.4,76,77,LONG_GAP
367640910,2022-03-09 15:55:24+00:00,2022-03-10 07:26:08+00:00,930.7333,15.5122,29.01303,-90.03327,23.1,282.8,284.0,29.00551,-90.02589,18.4,77,78,LONG_GAP
367640910,2022-03-10 07:39:32+00:00,2022-03-11 00:06:37+00:00,987.0833,16.4514,28.97984,-89.95446,18.0,108.2,110.0,28.98971,-89.95472,21.3,78,79,LONG_GAP
367640910,2022-03-11 00:21:08+00:00,2022-03-11 09:39:36+00:00,558.4667,9.3078,29.01499,-90.03484,21.2,279.2,277.0,28.99174,-89.97412,18.8,79,80,LONG_GAP
367640910,2022-03-11 09:39:36+00:00,2022-03-12 00:41:34+00:00,901.9667,15.0328,28.99174,-89.97412,18.8,119.4,118.0,28.99398,-89.95363,19.4,80,81,LONG_GAP
367640910,2022-03-12 00:55:58+00:00,2022-03-15 02:12:02+00:00,4396.0667,73.2678,29.01438,-90.03662,18.4,283.1,286.0,28.98723,-89.9537,20.2,81,82,LONG_GAP
367640910,2022-03-15 02:26:08+00:00,2022-03-15 07:09:08+00:00,283.0,4.7167,29.00996,-90.03535,19.3,287.0,286.0,28.9985,-90.01707,20.0,82,83,SIGNIFICANT_GAP
367640910,2022-03-15 07:19:45+00:00,2022-03-15 20:25:06+00:00,785.35,13.0892,28.97894,-89.95372,20.1,112.5,111.0,28.99955,-89.95515,23.5,83,84,LONG_GAP
367640910,2022-03-15 20:37:56+00:00,2022-03-16 06:09:35+00:00,571.65,9.5275,29.02254,-90.03906,21.7,288.3,,29.00837,-90.03688,20.9,84,85,LONG_GAP
367640910,2022-03-16 06:24:04+00:00,2022-03-16 13:48:44+00:00,444.6667,7.4111,28.97906,-89.95072,19.3,106.1,107.0,29.0065,-89.95275,21.6,85,86,LONG_GAP
367640910,2022-03-16 14:01:08+00:00,2022-03-17 06:13:48+00:00,972.6667,16.2111,29.02373,-90.03376,22.2,266.4,266.0,29.00489,-90.03056,20.7,86,87,LONG_GAP
367640910,2022-03-17 06:25:31+00:00,2022-03-17 14:25:14+00:00,479.7167,7.9953,28.9815,-89.95862,20.6,109.2,109.0,29.00178,-89.95719,23.0,87,88,LONG_GAP
367640910,2022-03-17 14:35:56+00:00,2022-03-17 21:43:06+00:00,427.1667,7.1194,29.01794,-90.03137,22.7,288.7,288.0,29.00479,-90.03696,19.6,88,89,LONG_GAP
367640910,2022-03-17 21:57:53+00:00,2022-03-18 06:46:54+00:00,529.0167,8.8169,28.98543,-89.95362,19.4,125.4,124.0,28.98724,-89.95499,22.0,89,90,LONG_GAP
367640910,2022-03-18 07:00:06+00:00,2022-03-19 00:10:51+00:00,1030.75,17.1792,29.01632,-90.0385,21.0,290.7,287.0,29.0068,-90.03801,20.1,90,91,LONG_GAP
367640910,2022-03-19 00:25:03+00:00,2022-03-19 12:49:07+00:00,744.0667,12.4011,28.98105,-89.95477,20.6,104.5,101.0,28.99555,-89.95583,21.3,91,92,LONG_GAP
367640910,2022-03-19 13:01:08+00:00,2022-03-20 16:38:28+00:00,1657.3333,27.6222,29.01706,-90.03261,21.2,288.3,293.0,29.00545,-90.03723,20.3,92,93,LONG_GAP
367640910,2022-03-20 16:51:34+00:00,2022-03-24 06:21:54+00:00,5130.3333,85.5056,28.98152,-89.9577,20.5,112.2,109.0,29.00991,-90.02995,19.6,93,94,LONG_GAP
367640910,2022-03-24 06:36:11+00:00,2022-03-24 16:33:10+00:00,596.9833,9.9497,28.98385,-89.95009,19.3,121.0,121.0,28.99773,-89.95008,22.8,94,95,LONG_GAP
367640910,2022-03-24 16:46:10+00:00,2022-03-25 08:59:18+00:00,973.1333,16.2189,29.0199,-90.0364,21.8,278.9,279.0,29.00537,-90.03561,19.1,95,96,LONG_GAP
367640910,2022-03-25 09:13:06+00:00,2022-03-25 19:04:29+00:00,591.3833,9.8564,28.98215,-89.95381,20.6,119.1,117.0,29.00513,-89.95368,21.5,96,97,LONG_GAP
367640910,2022-03-25 19:16:56+00:00,2022-03-26 11:22:12+00:00,965.2667,16.0878,29.01823,-90.03471,20.1,279.4,279.0,29.00444,-90.03581,19.1,97,98,LONG_GAP
367640910,2022-03-26 11:36:13+00:00,2022-03-27 04:19:22+00:00,1003.15,16.7192,28.97978,-89.956,18.7,106.4,104.0,28.99551,-89.95422,21.4,98,99,LONG_GAP
367640910,2022-03-27 04:32:24+00:00,2022-03-27 11:21:50+00:00,409.4333,6.8239,29.01583,-90.03874,20.6,282.4,281.0,29.00501,-90.02327,20.8,99,100,LONG_GAP
367640910,2022-03-27 11:33:00+00:00,2022-03-27 23:21:11+00:00,708.1833,11.8031,28.98175,-89.95341,21.1,108.0,104.0,28.99547,-89.9525,21.0,100,101,LONG_GAP
367640910,2022-03-27 23:34:16+00:00,2022-03-28 11:28:20+00:00,714.0667,11.9011,29.01527,-90.03614,20.8,284.8,282.0,29.01051,-90.03707,20.8,101,102,LONG_GAP
367640910,2022-03-28 11:41:42+00:00,2022-03-28 22:57:36+00:00,675.9,11.265,28.98686,-89.95113,21.6,111.2,108.0,28.99601,-89.95657,20.4,102,103,LONG_GAP
367640910,2022-03-28 23:10:36+00:00,2022-03-29 21:26:11+00:00,1335.5833,22.2597,29.01654,-90.03767,20.3,281.6,282.0,29.00839,-90.03815,22.1,103,104,LONG_GAP
367640910,2022-03-29 21:38:43+00:00,2022-03-30 05:01:02+00:00,442.3167,7.3719,28.98201,-89.95709,22.4,106.9,108.0,28.99487,-89.95412,22.3,104,105,LONG_GAP
367643990,2022-01-01 08:10:40+00:00,2022-01-04 04:58:18+00:00,4127.6333,68.7939,28.99626,-90.03715,10.2,302.6,299.0,28.994,-90.03329,9.8,0,1,LONG_GAP
367643990,2022-01-04 05:17:17+00:00,2022-01-09 08:33:46+00:00,7396.4833,123.2747,28.96836,-89.98261,9.7,116.2,116.0,28.96936,-89.98185,9.9,1,2,LONG_GAP
367643990,2022-01-09 08:55:05+00:00,2022-01-11 14:35:45+00:00,3220.6667,53.6778,28.99842,-90.03858,9.7,294.1,292.0,28.99853,-90.03751,7.9,2,3,LONG_GAP
367643990,2022-01-11 15:03:46+00:00,2022-01-16 05:30:36+00:00,6626.8333,110.4472,28.96865,-89.97722,8.0,120.0,118.0,28.969,-89.97585,6.8,3,4,LONG_GAP
367643990,2022-01-16 05:59:06+00:00,2022-01-18 02:53:45+00:00,2694.65,44.9108,28.99023,-90.03653,7.2,305.3,300.0,28.99739,-90.03861,9.8,4,5,LONG_GAP
367643990,2022-01-18 03:15:05+00:00,2022-01-24 04:04:23+00:00,8689.3,144.8217,28.96911,-89.97995,9.9,118.6,117.0,28.96856,-89.98064,10.3,5,6,LONG_GAP
367643990,2022-01-24 04:24:24+00:00,2022-01-25 03:38:24+00:00,1394.0,23.2333,28.99572,-90.03673,10.0,299.8,293.0,28.9871,-90.03198,9.9,6,7,LONG_GAP
367643990,2022-01-25 03:56:35+00:00,2022-01-28 07:16:22+00:00,4519.7833,75.3297,28.96868,-89.9795,9.8,109.7,113.0,28.96814,-89.97143,10.0,7,8,LONG_GAP
367643990,2022-01-28 07:40:03+00:00,2022-01-29 00:17:03+00:00,997.0,16.6167,28.9958,-90.03814,9.8,298.9,296.0,28.99786,-90.03886,10.7,8,9,LONG_GAP
367643990,2022-01-29 00:35:51+00:00,2022-01-31 09:19:31+00:00,3403.6667,56.7278,28.96949,-89.98556,10.2,125.0,121.0,28.98864,-90.02323,10.6,9,10,LONG_GAP
367643990,2022-01-31 09:19:31+00:00,2022-02-01 03:44:11+00:00,1104.6667,18.4111,28.98864,-90.02323,10.6,296.5,296.0,28.9936,-90.03823,9.5,10,11,LONG_GAP
367643990,2022-02-01 04:08:02+00:00,2022-02-04 07:59:21+00:00,4551.3167,75.8553,28.96836,-89.97516,9.0,120.6,124.0,28.96866,-89.98311,9.0,11,12,LONG_GAP
367643990,2022-02-04 08:20:52+00:00,2022-02-06 22:40:10+00:00,3739.3,62.3217,28.99336,-90.0388,9.1,297.2,299.0,28.99348,-90.0319,10.2,12,13,LONG_GAP
367643990,2022-02-06 22:40:10+00:00,2022-02-11 08:01:40+00:00,6321.5,105.3583,28.99348,-90.0319,10.2,116.8,115.0,28.96876,-89.98118,10.5,13,14,LONG_GAP
367643990,2022-02-11 08:20:50+00:00,2022-02-12 05:36:21+00:00,1275.5167,21.2586,28.99472,-90.03733,10.4,299.3,297.0,28.99711,-90.03904,10.2,14,15,LONG_GAP
367643990,2022-02-12 05:58:11+00:00,2022-02-13 10:23:20+00:00,1705.15,28.4192,28.9687,-89.97761,10.0,119.6,120.0,28.96872,-89.98215,9.0,15,16,LONG_GAP
367643990,2022-02-13 10:42:41+00:00,2022-02-14 01:26:30+00:00,883.8167,14.7303,28.99203,-90.02943,8.9,301.4,302.0,28.99593,-90.03724,10.0,16,17,LONG_GAP
367643990,2022-02-14 01:47:10+00:00,2022-02-21 10:10:51+00:00,10583.6833,176.3947,28.96901,-89.98007,9.7,119.7,120.0,28.96897,-89.98164,10.7,17,18,LONG_GAP
367643990,2022-02-21 10:30:41+00:00,2022-02-24 07:28:10+00:00,4137.4833,68.9581,28.99912,-90.03739,10.2,301.5,298.0,28.98875,-90.01929,8.4,18,19,LONG_GAP
367643990,2022-02-24 07:45:31+00:00,2022-02-28 04:44:45+00:00,5579.2333,92.9872,28.96817,-89.97861,8.6,115.7,115.0,28.96907,-89.97668,10.5,19,20,LONG_GAP
367643990,2022-02-28 05:05:45+00:00,2022-03-01 03:22:05+00:00,1336.3333,22.2722,28.99639,-90.03791,10.2,298.9,302.0,28.99518,-90.0367,9.0,20,21,LONG_GAP
367643990,2022-03-01 03:44:45+00:00,2022-03-07 02:10:37+00:00,8545.8667,142.4311,28.96906,-89.97863,9.0,117.8,117.0,28.96831,-89.97802,11.0,21,22,LONG_GAP
367643990,2022-03-07 02:29:57+00:00,2022-03-08 07:13:57+00:00,1724.0,28.7333,28.99632,-90.03736,10.9,299.3,297.0,28.99511,-90.03514,7.3,22,23,LONG_GAP
367643990,2022-03-08 07:40:17+00:00,2022-03-12 04:10:34+00:00,5550.2833,92.5047,28.96882,-89.97884,7.7,117.4,112.0,28.96867,-90.01835,9.5,23,24,LONG_GAP
367643990,2022-03-12 04:17:16+00:00,2022-03-15 03:17:26+00:00,4260.1667,71.0028,28.97691,-90.03602,9.3,298.3,301.0,28.99715,-90.03679,9.1,24,25,LONG_GAP
367643990,2022-03-15 03:41:45+00:00,2022-03-22 01:53:46+00:00,9972.0167,166.2003,28.96817,-89.97772,8.4,119.6,119.0,28.99688,-90.03739,9.0,25,26,LONG_GAP
367643990,2022-03-22 02:15:56+00:00,2022-03-28 04:57:48+00:00,8801.8667,146.6978,28.96935,-89.98282,8.5,120.2,115.0,28.96822,-89.97274,8.9,26,27,LONG_GAP
367643990,2022-03-28 05:24:27+00:00,2022-03-29 03:05:09+00:00,1300.7,21.6783,28.99754,-90.03901,8.7,297.4,294.0,28.99861,-90.03817,10.0,27,28,LONG_GAP
367645120,2021-12-31 00:33:28+00:00,2022-01-02 10:53:23+00:00,3499.9167,58.3319,28.96845,-90.01538,7.7,116.7,116.0,28.96895,-89.97885,8.5,0,1,LONG_GAP
367645120,2022-01-02 11:16:15+00:00,2022-01-07 02:28:24+00:00,6672.15,111.2025,28.98867,-90.03858,9.0,279.4,278.0,28.96975,-90.01882,8.8,1,2,LONG_GAP
367645120,2022-01-07 02:28:24+00:00,2022-01-09 11:55:25+00:00,3447.0167,57.4503,28.96975,-90.01882,8.8,109.9,107.0,28.96839,-89.97156,8.5,2,3,LONG_GAP
367645120,2022-01-09 12:21:34+00:00,2022-01-18 13:04:22+00:00,13002.8,216.7133,28.98638,-90.0375,8.3,279.7,277.0,28.96908,-89.98086,8.6,3,4,LONG_GAP
367645120,2022-01-18 13:25:23+00:00,2022-01-21 03:52:48+00:00,3747.4167,62.4569,28.98842,-90.03505,8.7,293.8,289.0,29.00311,-90.03926,8.2,4,5,LONG_GAP
367645120,2022-01-21 04:30:08+00:00,2022-01-23 03:58:28+00:00,2848.3333,47.4722,28.97868,-89.95079,7.6,109.2,101.0,28.96874,-89.9639,8.8,5,6,LONG_GAP
367645120,2022-01-23 04:25:28+00:00,2022-01-28 04:43:54+00:00,7218.4333,120.3072,28.98518,-90.03686,8.7,280.8,275.0,28.9868,-90.03678,8.3,6,7,LONG_GAP
367645120,2022-01-28 05:09:25+00:00,2022-01-31 12:33:03+00:00,4763.6333,79.3939,28.96899,-89.97276,8.4,112.8,113.0,28.97374,-89.9865,9.0,7,8,LONG_GAP
367645120,2022-01-31 12:47:42+00:00,2022-02-05 20:34:42+00:00,7667.0,127.7833,28.98714,-90.0256,9.1,289.2,288.0,28.98613,-90.03768,8.2,8,9,LONG_GAP
367645120,2022-02-05 20:50:02+00:00,2022-02-07 09:45:43+00:00,2215.6833,36.9281,28.97641,-89.99879,8.3,105.9,103.0,28.96831,-89.97184,8.9,9,10,LONG_GAP
367645120,2022-02-07 10:02:52+00:00,2022-02-11 02:44:26+00:00,5321.5667,88.6928,28.98392,-90.01688,8.9,291.4,290.0,28.9974,-90.03753,8.5,10,11,LONG_GAP
367645120,2022-02-11 03:11:46+00:00,2022-03-03 03:48:10+00:00,28836.4,480.6067,28.96884,-89.97284,8.4,110.6,109.0,28.99732,-90.03773,8.0,11,12,LONG_GAP
367645120,2022-03-03 04:19:19+00:00,2022-03-08 01:06:09+00:00,7006.8333,116.7806,28.96803,-89.96386,8.6,109.8,113.0,28.96854,-89.9721,9.4,12,13,LONG_GAP
367653160,2022-01-04 21:05:53+00:00,2022-01-15 03:04:24+00:00,14758.5167,245.9753,28.998,-90.03655,17.9,295.2,288.0,28.97498,-90.03223,19.1,0,1,LONG_GAP
367653160,2022-01-15 03:06:24+00:00,2022-01-15 16:04:19+00:00,777.9167,12.9653,28.9701,-90.02145,19.1,116.8,114.0,28.96867,-89.97562,19.6,1,2,LONG_GAP
367653160,2022-01-15 16:15:19+00:00,2022-01-20 22:36:44+00:00,7581.4167,126.3569,28.9962,-90.0361,19.3,296.8,292.0,29.01182,-89.9555,19.7,2,3,LONG_GAP
367653160,2022-01-20 22:50:22+00:00,2022-01-23 06:22:11+00:00,3331.8167,55.5303,29.03375,-90.03522,19.0,294.7,288.0,28.97915,-90.03325,19.2,3,4,LONG_GAP
367653160,2022-01-23 06:25:40+00:00,2022-01-23 17:35:08+00:00,669.4667,11.1578,28.96962,-90.01497,19.1,119.8,115.0,28.97095,-90.01653,20.0,4,5,LONG_GAP
367653160,2022-01-23 17:38:50+00:00,2022-01-24 00:20:10+00:00,401.3333,6.6889,28.98115,-90.03662,19.7,302.5,296.0,28.98103,-90.03588,19.1,5,6,LONG_GAP
367653160,2022-01-24 00:24:10+00:00,2022-01-24 14:27:02+00:00,842.8667,14.0478,28.97052,-90.01493,19.0,122.7,118.0,28.96983,-90.02487,19.1,6,7,LONG_GAP
367653160,2022-01-24 14:29:26+00:00,2022-02-12 08:01:14+00:00,26971.8,449.53,28.97578,-90.03782,19.4,301.4,300.0,28.9797,-90.03863,18.0,7,8,LONG_GAP
367653160,2022-02-12 08:05:38+00:00,2022-02-15 13:26:32+00:00,4640.9,77.3483,28.96817,-90.01715,17.9,124.1,117.0,28.97003,-90.03327,18.6,8,9,LONG_GAP
367653160,2022-02-15 13:27:44+00:00,2022-02-16 11:44:14+00:00,1336.5,22.275,28.97352,-90.03908,18.5,305.9,303.0,28.96877,-90.00567,18.3,9,10,LONG_GAP
367653160,2022-02-16 11:50:15+00:00,2022-02-21 21:33:12+00:00,7782.95,129.7158,28.98207,-90.03718,18.4,291.6,293.0,28.96847,-89.96337,20.3,10,11,LONG_GAP
367653160,2022-02-21 21:44:43+00:00,2022-02-25 02:22:05+00:00,4597.3667,76.6228,28.99468,-90.03157,20.6,296.8,292.0,28.97788,-90.03412,18.7,11,12,LONG_GAP
367653160,2022-02-25 02:25:23+00:00,2022-02-25 18:15:43+00:00,950.3333,15.8389,28.96827,-90.01668,18.7,128.9,125.0,28.96867,-90.02347,20.4,12,13,LONG_GAP
367653160,2022-02-25 18:18:11+00:00,2022-02-27 21:25:52+00:00,3067.6833,51.1281,28.97637,-90.03643,19.9,306.0,300.0,28.97837,-90.03657,17.9,13,14,LONG_GAP
367653160,2022-02-27 21:26:57+00:00,2022-02-28 12:31:39+00:00,904.7,15.0783,28.97552,-90.03128,18.0,120.8,113.0,28.96937,-90.02153,17.8,14,15,LONG_GAP
367653160,2022-02-28 12:34:39+00:00,2022-03-03 23:48:26+00:00,4993.7833,83.2297,28.97642,-90.03633,17.6,301.3,300.0,28.97925,-90.03777,17.5,15,16,LONG_GAP
367653160,2022-03-03 23:52:56+00:00,2022-03-07 03:32:16+00:00,4539.3333,75.6556,28.96828,-90.01608,17.5,124.2,119.0,28.97412,-90.03488,18.8,16,17,LONG_GAP
367653160,2022-03-07 03:34:28+00:00,2022-03-07 20:27:36+00:00,1013.1333,16.8856,28.96845,-90.0233,19.0,123.3,118.0,28.98318,-89.95335,19.2,17,18,LONG_GAP
367653160,2022-03-07 20:43:57+00:00,2022-03-15 06:40:08+00:00,10676.1833,177.9364,29.00608,-90.03708,20.4,284.5,283.0,29.00515,-90.03683,19.1,18,19,LONG_GAP
367653160,2022-03-15 06:54:56+00:00,2022-03-16 18:13:51+00:00,2118.9167,35.3153,28.9788,-89.95283,19.0,112.5,109.0,28.96828,-89.97318,19.6,19,20,LONG_GAP
367653160,2022-03-16 18:25:14+00:00,2022-03-17 20:38:38+00:00,1573.4,26.2233,28.99397,-90.03615,19.0,292.9,289.0,28.9702,-89.98492,19.3,20,21,LONG_GAP
367653160,2022-03-17 20:47:53+00:00,2022-03-19 06:49:19+00:00,2041.4333,34.0239,28.98327,-90.0387,19.1,280.3,273.0,28.97748,-90.03697,19.7,21,22,LONG_GAP
367653160,2022-03-19 06:51:44+00:00,2022-03-19 21:38:19+00:00,886.5833,14.7764,28.97057,-90.02397,19.9,127.0,121.0,28.96882,-89.96295,20.1,22,23,LONG_GAP
367653160,2022-03-19 21:49:49+00:00,2022-03-29 10:06:33+00:00,13696.7333,228.2789,28.99423,-90.0289,19.5,290.8,287.0,28.98008,-89.99685,17.8,23,24,LONG_GAP
367654230,2022-03-12 11:10:37+00:00,2022-03-25 00:33:35+00:00,18082.9667,301.3828,29.02091,-90.03777,7.2,295.4,312.0,28.97967,-90.03863,9.5,0,1,LONG_GAP
367657110,2022-03-11 01:06:44+00:00,2022-03-11 07:51:03+00:00,404.3167,6.7386,28.96905,-90.01304,10.5,113.1,113.0,29.04223,-90.03084,12.2,0,1,LONG_GAP
367657110,2022-03-11 07:52:14+00:00,2022-03-19 08:44:15+00:00,11572.0167,192.8669,29.04094,-90.03512,12.1,250.7,250.0,28.97601,-90.03608,9.9,1,2,LONG_GAP
367657110,2022-03-19 08:52:44+00:00,2022-03-27 13:50:45+00:00,11818.0167,196.9669,28.96933,-90.01075,10.0,119.1,116.0,28.96834,-90.01663,10.7,2,3,LONG_GAP
367659780,2022-01-27 10:54:31+00:00,2022-02-06 08:36:30+00:00,14261.9833,237.6997,28.96968,-90.03425,17.9,112.7,,28.98412,-90.03435,17.6,0,1,LONG_GAP
367659780,2022-02-06 08:51:59+00:00,2022-02-11 08:24:20+00:00,7172.35,119.5392,28.96921,-89.95179,17.2,102.6,,28.96954,-89.97131,17.0,1,2,LONG_GAP
367659780,2022-02-11 08:30:57+00:00,2022-02-14 14:56:17+00:00,4705.3333,78.4222,28.98227,-90.00358,16.8,294.3,,28.98555,-90.03737,16.5,2,3,LONG_GAP
367659780,2022-02-14 15:06:12+00:00,2022-02-15 14:10:28+00:00,1384.2667,23.0711,28.96961,-89.99496,12.0,119.1,,28.9909,-90.03831,16.3,3,4,LONG_GAP
367659780,2022-02-15 14:22:23+00:00,2022-02-16 04:19:45+00:00,837.3667,13.9561,28.96873,-89.98195,16.4,114.5,,28.97361,-90.03277,16.0,4,5,LONG_GAP
367659780,2022-02-16 04:19:45+00:00,2022-02-16 10:27:47+00:00,368.0333,6.1339,28.97361,-90.03277,16.0,286.5,,28.99438,-90.03565,15.7,5,6,LONG_GAP
367659780,2022-02-16 10:42:35+00:00,2022-02-22 06:49:50+00:00,8407.25,140.1208,28.9691,-89.96623,16.5,111.1,,28.98297,-90.01631,17.1,6,7,LONG_GAP
367659780,2022-02-22 06:49:50+00:00,2022-02-22 17:42:07+00:00,652.2833,10.8714,28.98297,-90.01631,17.1,287.1,,28.99168,-90.0258,13.8,7,8,LONG_GAP
367659780,2022-02-22 17:53:20+00:00,2022-03-25 08:41:27+00:00,44088.1167,734.8019,28.97162,-89.98145,14.4,114.2,,28.9774,-90.0375,14.4,8,9,LONG_GAP
367659780,2022-03-25 08:42:34+00:00,2022-03-26 04:15:45+00:00,1173.1833,19.5531,28.97389,-90.03429,14.8,142.6,,28.9696,-90.01792,15.6,9,10,LONG_GAP
367666910,2022-02-21 05:16:58+00:00,2022-02-22 05:38:12+00:00,1461.2333,24.3539,28.97987,-89.95057,19.0,108.9,110.0,28.97003,-89.966,20.9,0,1,LONG_GAP
367666910,2022-02-22 05:50:18+00:00,2022-03-29 02:38:16+00:00,50207.9667,836.7994,28.99891,-90.03863,21.2,303.0,304.0,28.97689,-90.03201,20.8,1,2,LONG_GAP
367668680,2022-02-07 23:38:17+00:00,2022-02-11 20:05:36+00:00,5547.3167,92.4553,29.01298,-89.95135,8.9,102.1,102.0,29.01945,-89.95206,10.1,0,1,LONG_GAP
367668680,2022-02-11 20:32:27+00:00,2022-03-21 15:46:40+00:00,54434.2167,907.2369,29.02966,-90.03824,10.1,278.3,276.0,28.99123,-90.03729,8.7,1,2,LONG_GAP
367668680,2022-03-21 16:14:29+00:00,2022-03-25 23:39:30+00:00,6205.0167,103.4169,28.96837,-89.96504,8.3,109.5,109.0,28.96804,-89.97735,10.2,2,3,LONG_GAP
367668680,2022-03-25 23:58:10+00:00,2022-03-26 19:36:50+00:00,1178.6667,19.6444,28.98704,-90.03218,9.7,290.4,287.0,29.0088,-90.03615,10.4,3,4,LONG_GAP
367672550,2022-01-08 02:27:42+00:00,2022-02-20 15:24:44+00:00,62697.0333,1044.9506,29.01912,-90.03669,17.5,273.1,280.0,28.99585,-90.03464,15.2,0,1,LONG_GAP
367677940,2022-01-06 01:43:47+00:00,2022-01-06 05:35:49+00:00,232.0333,3.8672,28.97904,-89.96054,3.3,66.7,,28.98089,-89.95362,3.2,0,1,SIGNIFICANT_GAP
367677940,2022-01-06 05:59:47+00:00,2022-01-06 07:52:48+00:00,113.0167,1.8836,28.97093,-89.97386,3.1,223.1,,28.97411,-89.97125,3.4,1,2,SIGNIFICANT_GAP
367677940,2022-01-06 08:13:17+00:00,2022-01-12 19:20:29+00:00,9307.2,155.12,28.98138,-89.95178,3.2,67.0,,28.98002,-89.9526,3.0,2,3,LONG_GAP
367677940,2022-01-12 19:20:29+00:00,2022-01-12 19:47:27+00:00,26.9667,0.4494,28.98002,-89.9526,3.0,247.1,,28.96892,-89.97533,2.9,3,4,SHORT_GAP
367677940,2022-01-12 19:47:27+00:00,2022-01-13 04:44:25+00:00,536.9667,8.9494,28.96892,-89.97533,2.9,221.1,,28.98206,-89.95071,3.2,4,5,LONG_GAP
367677940,2022-01-13 04:54:54+00:00,2022-01-13 07:41:45+00:00,166.85,2.7808,28.97865,-89.96051,3.1,250.5,,28.96952,-89.97561,3.3,5,6,SIGNIFICANT_GAP
367677940,2022-01-13 07:51:18+00:00,2022-01-13 20:55:42+00:00,784.4,13.0733,28.97581,-89.97675,3.5,256.6,,28.97281,-89.97732,3.1,6,7,LONG_GAP
367677940,2022-01-13 20:55:42+00:00,2022-01-13 23:02:07+00:00,126.4167,2.1069,28.97281,-89.97732,3.1,248.5,,28.98151,-89.95256,3.2,7,8,SIGNIFICANT_GAP
367677960,2022-01-01 03:51:38+00:00,2022-02-09 21:41:31+00:00,57229.8833,953.8314,28.99596,-90.03629,18.0,300.9,296.0,28.96998,-89.9738,18.3,0,1,LONG_GAP
367693810,2022-01-10 16:43:10+00:00,2022-01-12 04:57:03+00:00,2173.8833,36.2314,28.97096,-90.03861,9.9,284.6,283.0,28.97214,-90.03659,9.2,0,1,LONG_GAP
367693810,2022-01-12 05:03:33+00:00,2022-01-14 01:23:03+00:00,2659.5,44.325,28.96811,-90.01815,9.2,103.9,100.0,28.96831,-90.01882,9.6,1,2,LONG_GAP
367693810,2022-01-14 01:29:54+00:00,2022-01-14 21:58:04+00:00,1228.1667,20.4694,28.97316,-90.03871,9.5,285.1,276.0,28.97151,-90.03861,10.4,2,3,LONG_GAP
367693810,2022-01-14 22:02:35+00:00,2022-01-22 03:12:46+00:00,10390.1833,173.1697,28.96804,-90.02429,10.3,105.7,104.0,28.97061,-90.03704,10.2,3,4,LONG_GAP
367693810,2022-01-22 03:12:46+00:00,2022-01-26 08:56:49+00:00,6104.05,101.7342,28.97061,-90.03704,10.2,288.3,284.0,28.96905,-89.98483,11.1,4,5,LONG_GAP
367693810,2022-01-26 09:13:01+00:00,2022-02-07 08:46:24+00:00,17253.3833,287.5564,28.98005,-90.03924,11.4,272.3,267.0,28.96863,-90.03089,11.2,5,6,LONG_GAP
367693810,2022-02-07 08:47:54+00:00,2022-02-11 00:32:43+00:00,5264.8167,87.7469,28.96956,-90.0362,11.3,281.1,274.0,28.96887,-90.02394,10.3,6,7,LONG_GAP
367693810,2022-02-11 00:37:14+00:00,2022-02-15 22:42:10+00:00,7084.9333,118.0822,28.97211,-90.03833,10.3,284.5,277.0,28.9682,-90.01727,8.7,7,8,LONG_GAP
367693810,2022-02-15 22:49:40+00:00,2022-02-17 17:17:34+00:00,2547.9,42.465,28.97429,-90.03684,8.6,288.1,281.0,28.96995,-90.03906,9.2,8,9,LONG_GAP
367693810,2022-02-17 17:21:14+00:00,2022-02-20 13:52:54+00:00,4111.6667,68.5278,28.96819,-90.02844,9.2,100.4,100.0,28.96853,-90.03414,9.8,9,10,LONG_GAP
367693810,2022-02-20 13:54:14+00:00,2022-02-20 16:21:53+00:00,147.65,2.4608,28.96935,-90.03818,9.8,282.6,280.0,28.97553,-90.0363,9.7,10,11,SIGNIFICANT_GAP
367693810,2022-02-20 16:28:53+00:00,2022-02-20 19:45:13+00:00,196.3333,3.2722,28.96855,-90.01625,9.6,112.7,109.0,28.96832,-90.03073,11.6,11,12,SIGNIFICANT_GAP
367693810,2022-02-20 19:46:33+00:00,2022-02-25 01:37:22+00:00,6110.8167,101.8469,28.96973,-90.03536,11.6,288.8,286.0,28.96898,-90.01976,10.8,12,13,LONG_GAP
367693810,2022-02-25 01:43:12+00:00,2022-03-18 15:01:10+00:00,31037.9667,517.2994,28.9749,-90.03881,10.8,289.8,283.0,28.96864,-90.02075,10.7,13,14,LONG_GAP
367693810,2022-03-18 15:06:39+00:00,2022-03-21 23:09:25+00:00,4802.7667,80.0461,28.97297,-90.0387,10.6,281.9,275.0,28.96835,-90.02255,11.5,14,15,LONG_GAP
367693810,2022-03-21 23:14:05+00:00,2022-03-25 11:09:45+00:00,5035.6667,83.9278,28.97261,-90.03907,11.6,285.8,283.0,28.96832,-90.03815,10.5,15,16,LONG_GAP
367709020,2022-01-09 22:32:58+00:00,2022-03-17 12:14:25+00:00,95861.45,1597.6908,29.03644,-90.03678,7.4,274.9,,28.99934,-90.03921,7.5,0,1,LONG_GAP
367722840,2022-01-28 00:15:44+00:00,2022-02-12 16:18:35+00:00,22562.85,376.0475,29.00583,-90.00333,21.9,297.4,297.0,28.97167,-90.03717,20.8,0,1,LONG_GAP
367722840,2022-02-12 16:19:42+00:00,2022-02-14 07:17:17+00:00,2337.5833,38.9597,28.969,-90.0305,20.4,111.5,107.0,28.97633,-90.03617,22.2,1,2,LONG_GAP
367722840,2022-02-14 07:19:08+00:00,2022-02-15 22:32:56+00:00,2353.8,39.23,28.97067,-90.025,22.2,120.2,120.0,28.97633,-90.03867,22.6,2,3,LONG_GAP
367722840,2022-02-15 22:34:20+00:00,2022-03-03 07:13:50+00:00,22119.5,368.6583,28.9715,-90.03033,22.5,127.7,126.0,29.0255,-90.03917,20.6,3,4,LONG_GAP
367722840,2022-03-03 07:27:08+00:00,2022-03-16 00:27:39+00:00,18300.5167,305.0086,29.00317,-89.95583,20.7,109.0,111.0,28.981,-90.036,20.2,4,5,LONG_GAP
367729320,2022-02-16 03:03:12+00:00,2022-02-16 08:11:42+00:00,308.5,5.1417,29.04291,-90.01717,3.3,58.1,,29.04329,-90.00004,2.8,0,1,SIGNIFICANT_GAP
367729320,2022-02-16 09:00:12+00:00,2022-03-17 03:31:40+00:00,41431.4667,690.5244,29.02862,-90.03894,3.0,236.8,,29.03429,-89.9503,2.7,1,2,LONG_GAP
367729320,2022-03-17 05:31:30+00:00,2022-03-17 07:07:30+00:00,96.0,1.6,28.99273,-90.03886,2.7,217.9,,28.9915,-90.03885,3.0,2,3,SIGNIFICANT_GAP
367729320,2022-03-17 08:50:29+00:00,2022-03-19 02:06:25+00:00,2475.9333,41.2656,29.02535,-89.95,2.9,54.7,,29.02983,-89.95019,2.7,3,4,LONG_GAP
367729730,2022-02-21 02:34:57+00:00,2022-02-24 23:42:22+00:00,5587.4167,93.1236,28.98273,-90.00697,3.1,259.4,,28.98106,-90.03841,2.9,0,1,LONG_GAP
367729730,2022-02-24 23:42:22+00:00,2022-03-01 08:40:27+00:00,6298.0833,104.9681,28.98106,-90.03841,2.9,28.1,,28.97267,-89.97653,2.7,1,2,LONG_GAP
367729730,2022-03-01 09:12:56+00:00,2022-03-01 10:50:57+00:00,98.0167,1.6336,28.98243,-89.95029,2.8,70.2,,28.98262,-89.95058,3.0,2,3,SIGNIFICANT_GAP
367729730,2022-03-01 11:23:27+00:00,2022-03-01 13:12:57+00:00,109.5,1.825,28.96872,-89.97598,2.9,239.1,,28.96886,-89.97553,2.6,3,4,SIGNIFICANT_GAP
367735250,2022-02-21 01:42:02+00:00,2022-02-23 03:27:18+00:00,2985.2667,49.7544,29.01305,-89.95003,2.5,67.7,,29.00018,-89.99359,2.5,0,1,LONG_GAP
367735250,2022-02-23 04:00:19+00:00,2022-02-23 04:16:18+00:00,15.9833,0.2664,29.00574,-89.98448,2.6,242.1,,28.99939,-89.99562,2.7,1,2,SHORT_GAP
367735250,2022-02-23 04:16:18+00:00,2022-02-23 04:37:47+00:00,21.4833,0.3581,28.99939,-89.99562,2.7,240.0,,28.9877,-90.00682,2.3,2,3,SHORT_GAP
367735250,2022-02-23 06:02:19+00:00,2022-02-23 06:37:47+00:00,35.4667,0.5911,28.97165,-89.98094,2.5,222.1,,28.98061,-90.01056,2.8,3,4,SHORT_GAP
367735250,2022-02-23 07:28:18+00:00,2022-02-23 08:08:49+00:00,40.5167,0.6753,28.99962,-89.99618,2.3,67.1,,29.0121,-89.96679,2.6,4,5,SHORT_GAP
367735250,2022-02-23 08:21:46+00:00,2022-02-23 10:00:17+00:00,98.5167,1.6419,29.01506,-89.95679,2.6,105.0,,28.99318,-90.03273,2.3,5,6,SIGNIFICANT_GAP
367735250,2022-02-23 10:00:17+00:00,2022-02-23 11:07:19+00:00,67.0333,1.1172,28.99318,-90.03273,2.3,247.4,,28.98334,-89.99585,3.0,6,7,SIGNIFICANT_GAP
367735250,2022-02-23 11:32:17+00:00,2022-02-23 12:43:17+00:00,71.0,1.1833,28.9798,-90.01743,2.9,264.8,,28.98656,-90.03429,2.6,7,8,SIGNIFICANT_GAP
367735250,2022-02-23 12:43:17+00:00,2022-02-23 12:59:17+00:00,16.0,0.2667,28.98656,-90.03429,2.6,99.1,,28.98547,-90.02172,2.3,8,9,SHORT_GAP
367735250,2022-02-23 12:59:17+00:00,2022-02-23 13:23:51+00:00,24.5667,0.4094,28.98547,-90.02172,2.3,108.1,,28.98392,-90.00419,2.3,9,10,SHORT_GAP
367735250,2022-02-23 13:53:17+00:00,2022-02-25 17:58:23+00:00,3125.1,52.085,28.97239,-89.98946,2.3,157.2,,29.04119,-89.99087,2.9,10,11,LONG_GAP
367735250,2022-02-25 17:58:23+00:00,2022-02-28 06:36:59+00:00,3638.6,60.6433,29.04119,-89.99087,2.9,9.2,,28.98965,-89.9988,2.3,11,12,LONG_GAP
367735250,2022-02-28 06:41:29+00:00,2022-03-01 00:47:56+00:00,1086.45,18.1075,28.99232,-89.99729,2.1,26.9,,29.04136,-89.98143,2.6,12,13,LONG_GAP
367735250,2022-03-01 00:47:56+00:00,2022-03-01 01:46:56+00:00,59.0,0.9833,29.04136,-89.98143,2.6,159.3,,29.01375,-89.97841,2.8,13,14,SHORT_GAP
367735250,2022-03-01 02:16:57+00:00,2022-03-01 08:20:12+00:00,363.25,6.0542,29.01774,-89.9519,3.0,76.2,,29.0125,-89.95087,2.7,14,15,LONG_GAP
367735250,2022-03-01 08:20:12+00:00,2022-03-01 08:38:12+00:00,18.0,0.3,29.0125,-89.95087,2.7,252.2,,29.00881,-89.96582,2.6,15,16,SHORT_GAP
367735250,2022-03-01 09:54:41+00:00,2022-03-01 11:36:41+00:00,102.0,1.7,29.01152,-89.95274,2.3,82.1,,29.01059,-89.95232,2.7,16,17,SIGNIFICANT_GAP
367735250,2022-03-01 13:43:13+00:00,2022-03-03 05:34:00+00:00,2390.7833,39.8464,29.01084,-89.95121,2.9,79.9,,29.01189,-89.94986,2.6,17,18,LONG_GAP
367735250,2022-03-03 07:37:01+00:00,2022-03-03 08:49:43+00:00,72.7,1.2117,28.97712,-90.03676,2.5,259.8,,28.98717,-90.03895,2.8,18,19,SIGNIFICANT_GAP
367735250,2022-03-03 11:58:13+00:00,2022-03-03 12:22:45+00:00,24.5333,0.4089,28.9932,-90.02579,2.8,228.9,,28.98409,-90.01601,2.7,19,20,SHORT_GAP
367735250,2022-03-03 13:57:45+00:00,2022-03-09 13:36:23+00:00,8618.6333,143.6439,29.01166,-89.95062,2.7,67.1,,29.02361,-89.95044,2.2,20,21,LONG_GAP
367735250,2022-03-09 13:36:23+00:00,2022-03-10 05:45:49+00:00,969.4333,16.1572,29.02361,-89.95044,2.2,39.9,,29.01981,-89.96812,2.4,21,22,LONG_GAP
367735250,2022-03-10 05:45:49+00:00,2022-03-10 06:08:19+00:00,22.5,0.375,29.01981,-89.96812,2.4,75.3,,29.02207,-89.95098,1.5,22,23,SHORT_GAP
367735250,2022-03-10 06:08:19+00:00,2022-03-17 03:26:26+00:00,9918.1167,165.3019,29.02207,-89.95098,1.5,82.2,,28.98551,-89.98281,2.8,23,24,LONG_GAP
367735250,2022-03-17 03:49:25+00:00,2022-03-17 04:05:25+00:00,16.0,0.2667,29.00059,-89.97161,3.0,23.9,,29.01205,-89.96622,2.8,24,25,SHORT_GAP
367735250,2022-03-17 04:05:25+00:00,2022-03-17 04:42:25+00:00,37.0,0.6167,29.01205,-89.96622,2.8,21.8,,29.03883,-89.96505,2.9,25,26,SHORT_GAP
367739650,2021-12-31 07:52:09+00:00,2022-01-15 07:06:32+00:00,21554.3833,359.2397,28.99467,-90.0353,20.6,302.5,303.0,28.98187,-90.00007,20.5,0,1,LONG_GAP
367739650,2022-01-15 07:12:02+00:00,2022-01-15 17:59:47+00:00,647.75,10.7958,28.96962,-89.96692,20.6,109.5,112.0,28.96952,-89.96602,21.1,1,2,LONG_GAP
367739650,2022-01-15 18:10:44+00:00,2022-01-20 03:23:57+00:00,6313.2167,105.2203,28.9949,-90.0327,20.7,290.7,289.0,28.99638,-90.03852,20.5,2,3,LONG_GAP
367739650,2022-01-20 03:35:39+00:00,2022-01-31 17:25:13+00:00,16669.5667,277.8261,28.96837,-89.96893,20.8,114.3,112.0,28.99553,-90.03695,20.3,3,4,LONG_GAP
367739650,2022-01-31 17:36:55+00:00,2022-02-01 08:33:27+00:00,896.5333,14.9422,28.96945,-89.96638,20.9,113.2,114.0,28.97042,-89.9677,20.3,4,5,LONG_GAP
367739650,2022-02-01 08:44:57+00:00,2022-03-27 18:03:24+00:00,78318.45,1305.3075,28.99927,-90.03587,20.8,292.2,295.0,28.99583,-90.03698,20.4,5,6,LONG_GAP
367743960,2022-01-06 05:26:04+00:00,2022-01-06 05:43:33+00:00,17.4833,0.2914,29.01402,-89.99043,2.9,74.2,,29.01711,-89.97486,2.9,0,1,SHORT_GAP
367743960,2022-01-06 06:09:04+00:00,2022-01-06 07:12:04+00:00,63.0,1.05,29.02433,-89.9529,2.9,64.6,,29.02402,-89.95993,2.8,1,2,SIGNIFICANT_GAP
367743960,2022-01-06 07:12:04+00:00,2022-01-06 07:38:04+00:00,26.0,0.4333,29.02402,-89.95993,2.8,249.2,,29.01664,-89.98131,2.7,2,3,SHORT_GAP
367780870,2022-02-11 08:30:50+00:00,2022-02-13 02:51:03+00:00,2540.2167,42.3369,28.98706,-89.95175,8.4,104.8,107.0,28.97974,-89.95079,8.6,0,1,LONG_GAP
367780870,2022-02-13 03:23:34+00:00,2022-02-14 07:28:02+00:00,1684.4667,28.0744,29.00403,-90.03604,9.6,287.3,287.0,29.00627,-90.03879,8.8,1,2,LONG_GAP
367780870,2022-02-14 08:01:42+00:00,2022-02-15 23:54:14+00:00,2392.5333,39.8756,28.9789,-89.95098,8.7,108.0,108.0,28.98323,-89.9509,8.7,2,3,LONG_GAP
367787680,2022-03-28 14:45:54+00:00,2022-03-28 16:07:22+00:00,81.4667,1.3578,29.0344,-90.03923,3.8,208.0,,29.03308,-90.03914,0.2,0,1,SIGNIFICANT_GAP
367787680,2022-03-28 16:07:22+00:00,2022-03-28 16:22:23+00:00,15.0167,0.2503,29.03308,-90.03914,0.2,26.8,,29.03444,-90.03838,0.2,1,2,SHORT_GAP
367787680,2022-03-28 16:28:21+00:00,2022-03-28 16:55:22+00:00,27.0167,0.4503,29.03494,-90.03804,0.5,18.4,,29.03717,-90.0364,0.4,2,3,SHORT_GAP
368019410,2022-03-25 09:46:22+00:00,2022-03-25 11:34:22+00:00,108.0,1.8,28.98202,-89.98908,2.4,317.0,,29.01715,-89.98349,2.8,0,1,SIGNIFICANT_GAP
368019410,2022-03-25 11:39:51+00:00,2022-03-25 11:57:23+00:00,17.5333,0.2922,29.01483,-89.98713,2.6,233.9,,29.00746,-89.99849,2.3,1,2,SHORT_GAP
368019410,2022-03-25 12:40:52+00:00,2022-03-25 14:13:53+00:00,93.0167,1.5503,28.9894,-90.02691,2.5,234.3,,29.0367,-90.01611,2.8,2,3,SIGNIFICANT_GAP
368019410,2022-03-25 14:28:25+00:00,2022-03-26 02:52:17+00:00,743.8667,12.3978,29.0433,-90.00505,2.7,55.3,,29.02465,-89.95362,2.6,3,4,LONG_GAP
368019410,2022-03-26 05:24:17+00:00,2022-03-27 07:25:42+00:00,1561.4167,26.0236,29.02863,-89.95077,2.7,55.9,,28.96807,-90.01029,2.7,4,5,LONG_GAP
368019410,2022-03-27 07:54:09+00:00,2022-03-27 08:09:39+00:00,15.5,0.2583,28.98576,-90.02332,2.7,322.9,,28.98573,-90.03464,2.6,5,6,SHORT_GAP
368019410,2022-03-27 08:09:39+00:00,2022-03-27 10:05:39+00:00,116.0,1.9333,28.98573,-90.03464,2.6,242.5,,28.98312,-90.0321,2.8,6,7,SIGNIFICANT_GAP
368019410,2022-03-27 10:42:10+00:00,2022-03-28 16:58:49+00:00,1816.65,30.2775,28.98433,-90.03911,2.7,240.4,,28.97406,-89.98421,2.5,7,8,LONG_GAP
368019410,2022-03-28 17:15:24+00:00,2022-03-28 18:03:19+00:00,47.9167,0.7986,28.98563,-89.98918,2.6,339.1,,29.01582,-89.97959,2.7,8,9,SHORT_GAP
368019410,2022-03-28 18:06:49+00:00,2022-03-28 18:30:49+00:00,24.0,0.4,29.0176,-89.97725,2.8,49.1,,29.02965,-89.96085,2.9,9,10,SHORT_GAP
368019410,2022-03-28 18:43:49+00:00,2022-03-28 19:25:49+00:00,42.0,0.7,29.03654,-89.95232,2.9,44.9,,29.02348,-89.96557,2.6,10,11,SHORT_GAP
368020840,2022-03-27 03:37:32+00:00,2022-03-27 03:55:32+00:00,18.0,0.3,29.0013,-90.02059,2.5,74.1,,29.00623,-90.00745,2.5,0,1,SHORT_GAP
368020840,2022-03-27 04:10:03+00:00,2022-03-27 04:57:33+00:00,47.5,0.7917,29.0105,-89.99709,2.5,65.4,,29.02228,-89.96199,2.5,1,2,SHORT_GAP
368020840,2022-03-27 04:57:33+00:00,2022-03-28 17:17:44+00:00,2180.1833,36.3364,29.02228,-89.96199,2.5,71.2,,29.04345,-89.99415,2.2,2,3,LONG_GAP
368020840,2022-03-28 17:22:13+00:00,2022-03-28 17:40:46+00:00,18.55,0.3092,29.04215,-89.99734,2.5,242.0,,29.03427,-90.00858,2.5,3,4,SHORT_GAP
368020840,2022-03-28 17:40:46+00:00,2022-03-28 18:08:44+00:00,27.9667,0.4661,29.03427,-90.00858,2.5,243.4,,29.02737,-90.02815,2.3,4,5,SHORT_GAP
368021936,2022-01-28 02:48:32+00:00,2022-02-09 03:00:11+00:00,17291.65,288.1942,29.01205,-90.03906,17.0,288.3,288.0,28.9958,-90.0361,18.7,0,1,LONG_GAP
368027780,2022-03-11 20:57:40+00:00,2022-03-11 21:18:20+00:00,20.6667,0.3444,28.99884,-89.95863,0.3,322.5,87.0,28.99886,-89.95866,0.2,0,1,SHORT_GAP
368027780,2022-03-11 21:32:08+00:00,2022-03-11 22:02:47+00:00,30.65,0.5108,28.99887,-89.95856,0.2,280.1,70.0,28.9733,-90.00185,15.7,1,2,SHORT_GAP
368027780,2022-03-11 22:03:49+00:00,2022-03-13 19:54:52+00:00,2751.05,45.8508,28.97047,-90.00581,15.8,228.7,252.0,28.99255,-89.9855,0.7,2,3,LONG_GAP
368027780,2022-03-13 19:54:52+00:00,2022-03-13 20:42:34+00:00,47.7,0.795,28.99255,-89.9855,0.7,233.6,175.0,28.98097,-89.97737,0.8,3,4,SHORT_GAP
368027780,2022-03-13 20:42:34+00:00,2022-03-14 16:15:13+00:00,1172.65,19.5442,28.98097,-89.97737,0.8,269.4,208.0,28.98191,-89.97794,2.7,4,5,LONG_GAP
368027780,2022-03-14 16:45:52+00:00,2022-03-14 17:11:51+00:00,25.9833,0.4331,28.99348,-89.96768,0.4,96.6,261.0,28.99347,-89.96769,0.0,5,6,SHORT_GAP
368027780,2022-03-14 17:24:41+00:00,2022-03-14 20:58:41+00:00,214.0,3.5667,28.99352,-89.96771,0.5,241.0,270.0,28.98334,-89.97713,6.2,6,7,SIGNIFICANT_GAP
368027780,2022-03-14 21:01:14+00:00,2022-03-15 15:20:11+00:00,1098.95,18.3158,28.98186,-89.97762,2.0,149.3,315.0,28.96869,-89.99481,16.8,7,8,LONG_GAP
368027780,2022-03-15 15:53:10+00:00,2022-03-15 17:30:55+00:00,97.75,1.6292,28.97042,-90.00257,15.7,232.5,260.0,28.98068,-89.97737,1.8,8,9,SIGNIFICANT_GAP
368027780,2022-03-15 17:43:47+00:00,2022-03-15 20:06:14+00:00,142.45,2.3742,28.99276,-89.98528,0.3,307.0,162.0,28.99836,-89.95649,5.5,9,10,SIGNIFICANT_GAP
368027780,2022-03-15 20:06:14+00:00,2022-03-15 21:01:41+00:00,55.45,0.9242,28.99836,-89.95649,5.5,158.9,177.0,28.9982,-89.95608,12.8,10,11,SHORT_GAP
368027780,2022-03-15 21:01:41+00:00,2022-03-16 13:30:37+00:00,988.9333,16.4822,28.9982,-89.95608,12.8,156.1,158.0,28.99339,-89.96715,0.3,11,12,LONG_GAP
368027780,2022-03-16 13:30:37+00:00,2022-03-16 13:59:49+00:00,29.2,0.4867,28.99339,-89.96715,0.3,356.1,157.0,28.99316,-89.96703,1.4,12,13,SHORT_GAP
368027780,2022-03-16 13:59:49+00:00,2022-03-16 21:25:21+00:00,445.5333,7.4256,28.99316,-89.96703,1.4,9.5,157.0,28.998,-89.95317,1.0,13,14,LONG_GAP
368027780,2022-03-16 21:27:21+00:00,2022-03-17 13:18:55+00:00,951.5667,15.8594,28.99818,-89.95258,1.3,70.3,176.0,28.98711,-89.97777,15.3,14,15,LONG_GAP
368027780,2022-03-17 13:24:53+00:00,2022-03-17 21:31:59+00:00,487.1,8.1183,28.97204,-90.00111,15.5,225.9,249.0,28.9704,-90.00694,16.6,15,16,LONG_GAP
368027780,2022-03-17 22:04:35+00:00,2022-03-17 23:25:23+00:00,80.8,1.3467,28.9702,-89.99744,15.7,230.3,253.0,28.97234,-90.01868,17.8,16,17,SIGNIFICANT_GAP
368027780,2022-03-17 23:40:22+00:00,2022-03-18 05:32:43+00:00,352.35,5.8725,29.04201,-89.99114,17.9,16.5,0.0,28.97312,-89.95243,15.0,17,18,SIGNIFICANT_GAP
368027780,2022-03-18 05:36:24+00:00,2022-03-18 19:00:27+00:00,804.05,13.4008,28.96843,-89.96912,15.2,255.7,271.0,28.99883,-89.9585,0.5,18,19,LONG_GAP
368027780,2022-03-18 20:17:29+00:00,2022-03-18 23:30:33+00:00,193.0667,3.2178,28.98094,-89.97709,2.5,134.7,160.0,28.99388,-89.9544,15.4,19,20,SIGNIFICANT_GAP
368027780,2022-03-19 04:23:25+00:00,2022-03-19 09:19:16+00:00,295.85,4.9308,28.99361,-89.96658,0.7,249.5,81.0,28.9932,-89.96724,0.5,20,21,SIGNIFICANT_GAP
368027780,2022-03-19 09:25:27+00:00,2022-03-19 13:34:59+00:00,249.5333,4.1589,28.99269,-89.96725,4.7,177.5,190.0,28.98107,-89.97748,0.8,21,22,SIGNIFICANT_GAP
368027780,2022-03-19 14:30:32+00:00,2022-03-19 15:01:04+00:00,30.5333,0.5089,28.99262,-89.98592,0.2,296.7,224.0,28.99259,-89.98587,0.3,22,23,SHORT_GAP
368027780,2022-03-19 15:45:44+00:00,2022-03-19 16:01:44+00:00,16.0,0.2667,28.99326,-89.9676,0.2,230.3,242.0,28.99323,-89.96751,0.3,23,24,SHORT_GAP
368027780,2022-03-19 16:01:44+00:00,2022-03-19 16:21:40+00:00,19.9333,0.3322,28.99323,-89.96751,0.3,315.7,231.0,28.99329,-89.96759,0.3,24,25,SHORT_GAP
368027780,2022-03-19 17:21:04+00:00,2022-03-19 17:38:23+00:00,17.3167,0.2886,28.99326,-89.96754,0.2,223.0,241.0,28.99329,-89.96746,0.9,25,26,SHORT_GAP
368027780,2022-03-19 18:21:57+00:00,2022-03-19 18:40:17+00:00,18.3333,0.3056,28.981,-89.97793,0.2,266.2,250.0,28.981,-89.97795,0.2,26,27,SHORT_GAP
368027780,2022-03-19 19:15:53+00:00,2022-03-19 20:18:50+00:00,62.95,1.0492,28.99235,-89.96965,0.4,212.3,254.0,28.98312,-89.96957,3.4,27,28,SIGNIFICANT_GAP
368027780,2022-03-19 21:11:33+00:00,2022-03-19 21:32:48+00:00,21.25,0.3542,28.97472,-89.99478,16.2,239.5,261.0,28.99776,-89.95776,10.4,28,29,SHORT_GAP
368027780,2022-03-19 21:41:29+00:00,2022-03-20 13:23:47+00:00,942.3,15.705,28.9757,-89.99375,16.1,232.6,255.0,28.97598,-89.98406,15.3,29,30,LONG_GAP
368027780,2022-03-20 15:09:39+00:00,2022-03-20 15:46:00+00:00,36.35,0.6058,28.99392,-89.96786,0.1,324.3,272.0,28.9939,-89.96787,0.6,30,31,SHORT_GAP
368027780,2022-03-20 15:52:10+00:00,2022-03-20 16:15:09+00:00,22.9833,0.3831,28.99392,-89.96789,0.3,209.1,276.0,28.9939,-89.9679,0.2,31,32,SHORT_GAP
368027780,2022-03-20 18:36:44+00:00,2022-03-20 19:02:37+00:00,25.8833,0.4314,28.98512,-90.00514,2.7,278.5,334.0,28.98256,-89.99538,3.9,32,33,SHORT_GAP
368027780,2022-03-20 19:03:47+00:00,2022-03-20 19:28:17+00:00,24.5,0.4083,28.98127,-89.99614,4.7,219.2,199.0,28.97943,-89.98273,3.7,33,34,SHORT_GAP
368027780,2022-03-20 19:28:17+00:00,2022-03-20 19:45:23+00:00,17.1,0.285,28.97943,-89.98273,3.7,283.2,194.0,28.97984,-89.98008,3.1,34,35,SHORT_GAP
368027780,2022-03-20 20:03:17+00:00,2022-03-20 20:24:45+00:00,21.4667,0.3578,28.98122,-89.98503,3.0,294.3,195.0,28.98127,-89.97772,1.2,35,36,SHORT_GAP
368027780,2022-03-20 20:27:40+00:00,2022-03-21 13:15:07+00:00,1007.45,16.7908,28.98128,-89.97773,0.6,312.5,300.0,28.97582,-89.98663,14.4,36,37,LONG_GAP
368027780,2022-03-21 18:32:13+00:00,2022-03-21 19:49:49+00:00,77.6,1.2933,28.97112,-90.00324,16.5,222.3,242.0,28.9701,-89.99993,5.5,37,38,SIGNIFICANT_GAP
368027780,2022-03-21 23:42:33+00:00,2022-03-22 00:04:03+00:00,21.5,0.3583,28.97017,-90.00098,0.4,320.6,304.0,29.03106,-89.98867,15.5,38,39,SHORT_GAP
368027780,2022-03-22 00:04:03+00:00,2022-03-26 08:32:18+00:00,6268.25,104.4708,29.03106,-89.98867,15.5,19.1,2.0,29.02033,-90.00015,16.9,39,40,LONG_GAP
368027780,2022-03-26 08:43:12+00:00,2022-03-26 14:15:34+00:00,332.3667,5.5394,28.97177,-90.01804,17.0,203.6,229.0,28.9809,-89.97809,3.7,40,41,SIGNIFICANT_GAP
368027780,2022-03-26 14:46:38+00:00,2022-03-26 17:23:10+00:00,156.5333,2.6089,28.96809,-90.0005,16.8,231.2,252.0,28.97003,-90.02385,1.2,41,42,SIGNIFICANT_GAP
368027780,2022-03-26 17:36:58+00:00,2022-03-26 17:53:10+00:00,16.2,0.27,28.97386,-90.02822,5.1,201.5,212.0,28.96808,-90.02384,1.3,42,43,SHORT_GAP
368027780,2022-03-26 18:05:51+00:00,2022-03-26 18:31:21+00:00,25.5,0.425,28.96843,-90.02378,5.7,157.4,175.0,28.96824,-90.0212,1.0,43,44,SHORT_GAP
368027780,2022-03-26 19:30:30+00:00,2022-03-26 21:08:54+00:00,98.4,1.64,28.9921,-90.01266,0.1,20.0,356.0,28.99806,-89.95653,11.0,44,45,SIGNIFICANT_GAP
368027780,2022-03-26 21:14:00+00:00,2022-03-26 21:36:54+00:00,22.9,0.3817,28.98397,-89.97161,13.9,231.0,253.0,28.98095,-89.97757,2.2,45,46,SHORT_GAP
368027780,2022-03-26 21:38:07+00:00,2022-03-26 23:23:51+00:00,105.7333,1.7622,28.9798,-89.97803,9.8,211.0,238.0,28.98094,-89.97738,0.3,46,47,SIGNIFICANT_GAP
368027780,2022-03-26 23:40:14+00:00,2022-03-27 00:27:00+00:00,46.7667,0.7794,28.99325,-89.96797,2.5,349.4,300.0,28.99408,-89.96675,0.1,47,48,SHORT_GAP
368027780,2022-03-27 00:27:00+00:00,2022-03-27 01:27:00+00:00,60.0,1.0,28.99408,-89.96675,0.1,73.8,58.0,28.99402,-89.96675,0.1,48,49,SHORT_GAP
368027780,2022-03-27 02:26:47+00:00,2022-03-27 03:11:02+00:00,44.25,0.7375,28.97105,-89.98295,14.0,225.9,254.0,28.97185,-89.96212,16.7,49,50,SHORT_GAP
368027780,2022-03-27 03:30:14+00:00,2022-03-27 12:54:12+00:00,563.9667,9.3994,28.96816,-90.00549,14.9,237.6,263.0,28.97509,-89.99298,17.5,50,51,LONG_GAP
368027780,2022-03-27 13:33:46+00:00,2022-03-27 13:50:38+00:00,16.8667,0.2811,28.9999,-89.95704,0.1,42.9,69.0,29.00104,-89.96121,0.4,51,52,SHORT_GAP
368027780,2022-03-27 18:27:00+00:00,2022-03-27 19:57:47+00:00,90.7833,1.5131,28.96841,-90.00051,16.6,242.9,264.0,28.97564,-89.98951,16.9,52,53,SIGNIFICANT_GAP
368027780,2022-03-27 21:42:15+00:00,2022-03-27 23:49:33+00:00,127.3,2.1217,28.96842,-89.99837,14.5,227.0,252.0,28.97116,-89.9882,16.5,53,54,SIGNIFICANT_GAP
368027780,2022-03-28 01:18:11+00:00,2022-03-28 12:10:09+00:00,651.9667,10.8661,28.96817,-89.99147,15.8,228.4,254.0,28.99932,-89.9619,8.3,54,55,LONG_GAP
368027780,2022-03-28 12:17:16+00:00,2022-03-28 18:08:24+00:00,351.1333,5.8522,28.99948,-89.96169,18.8,227.1,253.0,28.99167,-90.01208,1.5,55,56,SIGNIFICANT_GAP
368027780,2022-03-28 18:26:18+00:00,2022-03-28 23:04:19+00:00,278.0167,4.6336,28.97506,-90.01827,16.4,202.4,229.0,28.97545,-89.95081,15.6,56,57,SIGNIFICANT_GAP
368027780,2022-03-28 23:19:07+00:00,2022-03-28 23:48:49+00:00,29.7,0.495,28.99217,-90.01222,1.4,313.9,,28.99205,-90.01243,0.1,57,58,SHORT_GAP
368027780,2022-03-28 23:48:49+00:00,2022-03-29 00:19:19+00:00,30.5,0.5083,28.99205,-90.01243,0.1,4.9,,28.99198,-90.01241,0.1,58,59,SHORT_GAP
368027780,2022-03-29 00:19:19+00:00,2022-03-29 01:08:09+00:00,48.8333,0.8139,28.99198,-90.01241,0.1,351.5,,28.99203,-90.01246,0.1,59,60,SHORT_GAP
368027780,2022-03-29 01:16:48+00:00,2022-03-29 01:32:08+00:00,15.3333,0.2556,28.99201,-90.01248,0.2,186.1,,28.99201,-90.01247,0.2,60,61,SHORT_GAP
368027780,2022-03-29 01:44:08+00:00,2022-03-29 02:25:59+00:00,41.85,0.6975,28.99199,-90.01243,0.0,228.5,,28.99199,-90.01241,0.2,61,62,SHORT_GAP
368027780,2022-03-29 02:46:09+00:00,2022-03-29 03:14:00+00:00,27.85,0.4642,28.99194,-90.0124,0.2,243.5,,28.99198,-90.01245,0.2,62,63,SHORT_GAP
368027780,2022-03-29 03:14:00+00:00,2022-03-29 03:34:19+00:00,20.3167,0.3386,28.99198,-90.01245,0.2,238.2,,28.99194,-90.01238,0.0,63,64,SHORT_GAP
368027780,2022-03-29 04:24:41+00:00,2022-03-29 04:52:21+00:00,27.6667,0.4611,28.99195,-90.01232,0.0,36.7,22.0,28.99193,-90.01232,0.1,64,65,SHORT_GAP
368027780,2022-03-29 11:46:35+00:00,2022-03-29 13:18:45+00:00,92.1667,1.5361,28.97335,-90.01795,17.2,198.3,227.0,28.96888,-90.00038,17.2,65,66,SIGNIFICANT_GAP
368027780,2022-03-29 16:33:43+00:00,2022-03-29 18:33:07+00:00,119.4,1.99,28.9692,-90.01991,16.9,231.5,,28.97889,-90.00177,18.9,66,67,SIGNIFICANT_GAP
368027780,2022-03-29 19:26:59+00:00,2022-03-30 00:52:10+00:00,325.1833,5.4197,28.96964,-89.99558,15.9,226.9,,28.97209,-90.01686,17.5,67,68,SIGNIFICANT_GAP
368031260,2022-03-19 03:44:44+00:00,2022-03-19 04:04:14+00:00,19.5,0.325,29.01192,-89.97775,3.1,246.9,,29.00646,-89.99372,3.0,0,1,SHORT_GAP
368031260,2022-03-19 06:03:05+00:00,2022-03-19 09:53:04+00:00,229.9833,3.8331,29.03262,-90.01118,5.5,293.9,,29.03144,-90.02246,0.3,1,2,SIGNIFICANT_GAP
368031260,2022-03-19 09:53:04+00:00,2022-03-19 10:29:05+00:00,36.0167,0.6003,29.03144,-90.02246,0.3,247.9,,29.03138,-90.02245,0.3,2,3,SHORT_GAP
368031260,2022-03-19 10:29:05+00:00,2022-03-19 12:29:06+00:00,120.0167,2.0003,29.03138,-90.02245,0.3,217.9,,29.03069,-90.02259,0.3,3,4,SIGNIFICANT_GAP
368031260,2022-03-19 12:29:06+00:00,2022-03-19 14:47:05+00:00,137.9833,2.2997,29.03069,-90.02259,0.3,132.3,,29.03052,-90.02274,0.1,4,5,SIGNIFICANT_GAP
368031260,2022-03-19 14:47:05+00:00,2022-03-19 21:40:14+00:00,413.15,6.8858,29.03052,-90.02274,0.1,336.6,,29.03317,-90.02308,1.8,5,6,LONG_GAP
368031260,2022-03-19 21:40:14+00:00,2022-03-20 10:36:35+00:00,776.35,12.9392,29.03317,-90.02308,1.8,311.5,,29.04304,-89.99514,3.0,6,7,LONG_GAP
368031260,2022-03-20 11:06:05+00:00,2022-03-20 11:27:35+00:00,21.5,0.3583,29.02947,-90.01752,2.9,224.3,,29.01593,-90.03028,2.9,7,8,SHORT_GAP
368031260,2022-03-20 11:27:35+00:00,2022-03-20 13:28:36+00:00,121.0167,2.0169,29.01593,-90.03028,2.9,218.1,,29.02851,-90.02412,2.5,8,9,SIGNIFICANT_GAP
368031260,2022-03-20 13:38:06+00:00,2022-03-20 13:57:31+00:00,19.4167,0.3236,29.03391,-90.01888,2.8,38.9,,29.03871,-90.00845,4.5,9,10,SHORT_GAP
368031260,2022-03-20 14:01:01+00:00,2022-03-24 10:58:50+00:00,5577.8167,92.9636,29.03969,-90.00509,2.5,63.1,,28.99975,-90.02788,3.1,10,11,LONG_GAP
368031260,2022-03-24 10:58:50+00:00,2022-03-24 11:14:20+00:00,15.5,0.2583,28.99975,-90.02788,3.1,61.3,,29.00572,-90.01436,3.0,11,12,SHORT_GAP
368046770,2021-12-31 02:20:28+00:00,2021-12-31 07:10:52+00:00,290.4,4.84,29.03201,-89.96602,2.4,237.2,,29.03615,-89.98,2.8,0,1,SIGNIFICANT_GAP
368046770,2021-12-31 07:10:52+00:00,2022-02-16 20:04:05+00:00,68453.2167,1140.8869,29.03615,-89.98,2.8,242.5,,29.04268,-89.95202,3.1,1,2,LONG_GAP
368046770,2022-02-16 20:29:06+00:00,2022-02-19 02:39:39+00:00,3250.55,54.1758,29.03134,-89.96823,2.9,236.7,,29.03852,-89.97407,2.6,2,3,LONG_GAP
368046770,2022-02-19 02:52:08+00:00,2022-02-19 07:02:34+00:00,250.4333,4.1739,29.03346,-89.98352,3.0,232.3,,29.03591,-89.98261,2.7,3,4,SIGNIFICANT_GAP
368046770,2022-02-19 07:02:34+00:00,2022-02-19 10:17:47+00:00,195.2167,3.2536,29.03591,-89.98261,2.7,260.7,,29.04188,-89.96282,3.0,4,5,SIGNIFICANT_GAP
368046770,2022-02-19 10:17:47+00:00,2022-02-19 10:52:18+00:00,34.5167,0.5753,29.04188,-89.96282,3.0,235.0,,29.03066,-89.99113,3.3,5,6,SHORT_GAP
368046770,2022-02-19 10:52:18+00:00,2022-02-19 12:19:18+00:00,87.0,1.45,29.03066,-89.99113,3.3,308.2,,29.03365,-89.97965,3.0,6,7,SIGNIFICANT_GAP
368046770,2022-02-19 12:19:18+00:00,2022-02-20 04:17:20+00:00,958.0333,15.9672,29.03365,-89.97965,3.0,265.6,,29.04341,-89.99908,2.9,7,8,LONG_GAP
368051000,2022-02-10 08:24:04+00:00,2022-02-15 09:38:56+00:00,7274.8667,121.2478,28.97382,-90.03147,20.7,296.9,293.0,28.96979,-90.03342,19.5,0,1,LONG_GAP
368051000,2022-02-15 09:38:56+00:00,2022-02-25 19:29:07+00:00,14990.1833,249.8364,28.96979,-90.03342,19.5,290.6,288.0,29.0039,-89.95043,20.8,1,2,LONG_GAP
368051000,2022-02-25 19:43:57+00:00,2022-03-08 16:39:21+00:00,15655.4,260.9233,29.03316,-90.03878,19.5,285.4,286.0,28.97119,-89.9547,20.9,2,3,LONG_GAP
368051000,2022-03-08 16:53:03+00:00,2022-03-13 20:48:38+00:00,7435.5833,123.9264,29.00813,-90.03753,21.7,287.1,288.0,28.99775,-90.03851,19.5,3,4,LONG_GAP
368051000,2022-03-13 21:01:33+00:00,2022-03-14 20:05:44+00:00,1384.1833,23.0697,28.96938,-89.96562,19.4,117.9,114.0,29.01402,-89.95406,20.1,4,5,LONG_GAP
368051000,2022-03-14 20:18:35+00:00,2022-03-17 00:28:28+00:00,3129.8833,52.1647,29.03196,-90.03327,19.8,289.6,288.0,28.98492,-90.03613,19.9,5,6,LONG_GAP
368051000,2022-03-17 00:42:20+00:00,2022-03-18 00:28:28+00:00,1426.1333,23.7689,28.96848,-89.95032,20.5,102.3,101.0,28.99455,-89.95393,20.4,6,7,LONG_GAP
368051000,2022-03-18 00:41:34+00:00,2022-03-19 00:48:26+00:00,1446.8667,24.1144,29.01814,-90.03349,20.0,290.9,286.0,28.97722,-89.95275,20.4,7,8,LONG_GAP
368051000,2022-03-19 01:02:08+00:00,2022-03-20 03:16:59+00:00,1574.85,26.2475,29.00422,-90.03329,19.2,294.9,294.0,28.98479,-89.95405,21.0,8,9,LONG_GAP
368051000,2022-03-20 03:30:12+00:00,2022-03-24 21:37:22+00:00,6847.1667,114.1194,29.00922,-90.03508,20.2,277.6,274.0,28.97871,-89.95135,20.4,9,10,LONG_GAP
368061080,2022-01-13 09:46:08+00:00,2022-01-14 01:10:30+00:00,924.3667,15.4061,28.97023,-89.96743,19.1,109.5,109.0,29.00572,-90.00873,19.8,0,1,LONG_GAP
368061080,2022-01-14 01:15:12+00:00,2022-01-15 07:35:51+00:00,1820.65,30.3442,29.0132,-90.03685,19.7,282.0,279.0,29.01338,-90.03893,19.9,1,2,LONG_GAP
368061080,2022-01-15 07:50:15+00:00,2022-01-15 15:59:08+00:00,488.8833,8.1481,28.98733,-89.95422,20.3,95.9,95.0,28.9932,-89.95233,20.1,2,3,LONG_GAP
368061080,2022-01-15 16:13:14+00:00,2022-01-23 08:58:08+00:00,11084.9,184.7483,29.01575,-90.03762,19.8,282.2,279.0,29.00923,-90.03468,19.3,3,4,LONG_GAP
368061080,2022-01-23 09:11:49+00:00,2022-01-23 21:19:44+00:00,727.9167,12.1319,28.98655,-89.95683,19.4,103.5,102.0,28.97948,-89.95377,18.1,4,5,LONG_GAP
368061080,2022-01-23 21:35:19+00:00,2022-01-24 08:51:53+00:00,676.5667,11.2761,29.00685,-90.03772,18.1,294.6,292.0,29.01045,-90.0383,20.1,5,6,LONG_GAP
368061080,2022-01-24 09:06:17+00:00,2022-01-24 16:54:59+00:00,468.7,7.8117,28.98342,-89.95308,19.8,107.0,105.0,28.96808,-89.97915,20.4,6,7,LONG_GAP
368061080,2022-01-24 17:04:29+00:00,2022-03-15 01:13:18+00:00,71048.8167,1184.1469,28.9872,-90.03548,19.9,294.5,292.0,28.98862,-90.03328,20.0,7,8,LONG_GAP
368061080,2022-03-15 01:25:12+00:00,2022-03-15 10:03:20+00:00,518.1333,8.6356,28.969,-89.96143,19.7,105.6,103.0,29.00012,-89.95415,20.4,8,9,LONG_GAP
368065260,2022-02-16 01:21:43+00:00,2022-02-16 01:43:43+00:00,22.0,0.3667,29.01851,-89.95015,3.0,69.9,,29.01288,-89.95004,3.0,0,1,SHORT_GAP
368065260,2022-02-16 04:47:13+00:00,2022-02-16 05:32:42+00:00,45.4833,0.7581,28.99029,-90.03921,2.8,250.7,,28.98901,-90.03868,3.1,1,2,SHORT_GAP
368065260,2022-02-16 08:14:19+00:00,2022-02-16 09:23:18+00:00,68.9833,1.1497,28.98889,-90.03922,3.0,236.1,,28.99457,-90.03832,2.7,2,3,SIGNIFICANT_GAP
368065260,2022-02-16 10:08:48+00:00,2022-02-16 12:11:40+00:00,122.8667,2.0478,29.00955,-90.03928,3.0,251.0,,29.02003,-90.03887,3.1,3,4,SIGNIFICANT_GAP
368076650,2022-01-06 21:01:59+00:00,2022-02-16 01:45:30+00:00,57883.5167,964.7253,28.98179,-90.03739,9.8,296.6,289.0,28.99194,-90.03826,9.9,0,1,LONG_GAP
368076650,2022-02-16 02:12:30+00:00,2022-02-17 08:01:52+00:00,1789.3667,29.8228,28.96849,-89.96186,9.4,109.9,103.0,28.96842,-89.95585,8.8,1,2,LONG_GAP
368079000,2022-02-12 15:41:17+00:00,2022-02-12 16:52:10+00:00,70.8833,1.1814,28.96831,-90.00448,5.1,241.3,242.0,28.9683,-89.96334,4.6,0,1,SIGNIFICANT_GAP
368079000,2022-02-12 17:00:08+00:00,2022-02-12 17:21:36+00:00,21.4667,0.3578,28.96814,-89.97003,5.2,203.1,207.0,28.96808,-89.96427,5.3,1,2,SHORT_GAP
368079000,2022-02-12 17:36:27+00:00,2022-02-12 18:00:06+00:00,23.65,0.3942,28.96962,-89.96984,5.6,205.9,211.0,28.96864,-89.96006,5.1,2,3,SHORT_GAP
368079000,2022-02-13 02:56:59+00:00,2022-02-13 03:48:37+00:00,51.6333,0.8606,29.00677,-89.95128,5.6,79.8,87.0,28.99987,-89.94993,5.9,3,4,SHORT_GAP
368079000,2022-02-13 03:59:11+00:00,2022-02-13 04:25:37+00:00,26.4333,0.4406,29.00012,-89.94986,5.2,96.4,87.0,28.9998,-89.94987,5.0,4,5,SHORT_GAP
368079000,2022-02-13 05:11:27+00:00,2022-02-16 00:39:11+00:00,4047.7333,67.4622,29.01185,-90.03465,11.4,282.7,284.0,29.01392,-89.95394,14.5,5,6,LONG_GAP
368079000,2022-02-16 00:57:17+00:00,2022-03-02 12:53:06+00:00,20875.8167,347.9303,29.02776,-90.03491,14.0,278.3,278.0,28.96804,-90.00931,4.9,6,7,LONG_GAP
368099290,2022-02-11 10:03:02+00:00,2022-03-05 09:29:28+00:00,31646.4333,527.4406,28.99878,-90.03733,10.9,229.9,,29.04075,-90.00449,11.1,0,1,LONG_GAP
368099430,2022-01-22 22:32:30+00:00,2022-01-25 07:26:40+00:00,3414.1667,56.9028,28.96854,-90.03254,10.3,105.0,110.0,28.96862,-90.02563,10.6,0,1,LONG_GAP
368099430,2022-01-25 07:28:59+00:00,2022-01-28 10:11:46+00:00,4482.7833,74.7131,28.97015,-90.03322,10.5,283.5,279.0,28.9685,-90.00992,10.0,1,2,LONG_GAP
368099430,2022-01-28 10:20:26+00:00,2022-02-01 07:58:09+00:00,5617.7167,93.6286,28.97565,-90.0362,9.9,284.7,287.0,28.96843,-90.00469,10.7,2,3,LONG_GAP
368099430,2022-02-01 08:08:39+00:00,2022-02-05 23:41:38+00:00,6692.9833,111.5497,28.98199,-90.0371,10.5,292.2,289.0,29.00188,-90.03614,10.9,3,4,LONG_GAP
368099430,2022-02-06 00:07:09+00:00,2022-02-08 07:35:09+00:00,3328.0,55.4667,28.97729,-89.95338,10.7,113.2,115.0,28.96908,-89.95607,11.5,4,5,LONG_GAP
368099430,2022-02-08 07:58:39+00:00,2022-02-14 23:46:33+00:00,9587.9,159.7983,28.99194,-90.03619,11.3,285.8,287.0,28.971,-90.03667,10.8,5,6,LONG_GAP
368099430,2022-02-14 23:49:54+00:00,2022-02-24 00:56:14+00:00,13026.3333,217.1056,28.96834,-90.02562,10.8,105.8,108.0,28.96889,-89.95719,10.9,6,7,LONG_GAP
368123000,2022-03-24 09:35:59+00:00,2022-03-25 00:10:12+00:00,874.2167,14.5703,28.97063,-89.98606,19.7,121.0,,28.96962,-90.02513,21.1,0,1,LONG_GAP
368123000,2022-03-25 00:11:47+00:00,2022-03-27 06:38:01+00:00,3266.2333,54.4372,28.97213,-90.03563,21.9,285.7,,29.01314,-90.03245,22.8,1,2,LONG_GAP
368123000,2022-03-27 06:49:21+00:00,2022-03-27 20:30:53+00:00,821.5333,13.6922,29.01303,-89.95042,22.7,93.9,,28.97693,-89.9573,22.4,2,3,LONG_GAP
368139450,2022-02-16 07:18:46+00:00,2022-03-16 13:30:55+00:00,40692.15,678.2025,29.04123,-89.94975,3.1,32.4,,28.96865,-89.96547,7.4,0,1,LONG_GAP
368139450,2022-03-16 14:02:25+00:00,2022-03-19 04:27:41+00:00,3745.2667,62.4211,28.97602,-90.03832,8.8,256.3,,29.04337,-90.01135,2.5,1,2,LONG_GAP
368139450,2022-03-19 04:57:21+00:00,2022-03-19 14:40:11+00:00,582.8333,9.7139,29.04349,-89.99384,3.1,34.8,,29.04297,-90.02808,8.6,2,3,LONG_GAP
368154720,2022-03-05 08:53:41+00:00,2022-03-05 15:07:38+00:00,373.95,6.2325,29.03616,-89.99258,2.6,28.3,,29.04307,-89.99422,2.5,0,1,LONG_GAP
368154720,2022-03-05 15:26:09+00:00,2022-03-05 19:56:30+00:00,270.35,4.5058,29.04329,-89.98471,2.9,34.4,,29.04287,-89.99671,2.3,1,2,SIGNIFICANT_GAP
368154720,2022-03-05 20:00:00+00:00,2022-03-06 05:35:56+00:00,575.9333,9.5989,29.04286,-89.99379,2.7,66.1,,29.0131,-89.9539,2.8,2,3,LONG_GAP
368154720,2022-03-06 05:35:56+00:00,2022-03-06 07:04:26+00:00,88.5,1.475,29.0131,-89.9539,2.8,256.7,,29.00947,-89.97252,2.5,3,4,SIGNIFICANT_GAP
368154720,2022-03-06 07:04:26+00:00,2022-03-06 07:20:25+00:00,15.9833,0.2664,29.00947,-89.97252,2.5,78.8,,29.013,-89.96034,2.5,4,5,SHORT_GAP
368154720,2022-03-06 07:31:57+00:00,2022-03-06 08:42:52+00:00,70.9167,1.1819,29.01432,-89.95115,2.6,79.5,,29.01492,-89.95538,3.0,5,6,SIGNIFICANT_GAP
368154720,2022-03-06 08:59:22+00:00,2022-03-06 09:32:23+00:00,33.0167,0.5503,29.01182,-89.97024,3.1,265.3,,29.00612,-90.00013,2.8,6,7,SHORT_GAP
368154720,2022-03-06 09:32:23+00:00,2022-03-06 10:01:23+00:00,29.0,0.4833,29.00612,-90.00013,2.8,252.8,,29.00384,-90.01736,2.5,7,8,SHORT_GAP
368154720,2022-03-06 10:35:51+00:00,2022-03-06 10:55:53+00:00,20.0333,0.3339,29.00988,-89.98954,2.4,79.3,,29.00509,-89.99653,3.0,8,9,SHORT_GAP
368154720,2022-03-06 11:00:51+00:00,2022-03-06 11:28:21+00:00,27.5,0.4583,29.00417,-90.00103,2.8,248.0,,28.99879,-90.02588,2.8,9,10,SHORT_GAP
368179260,2022-01-07 07:36:02+00:00,2022-01-08 02:54:02+00:00,1158.0,19.3,29.03959,-89.95023,9.2,73.7,72.0,29.02829,-89.95307,9.2,0,1,LONG_GAP
368179260,2022-01-08 03:23:01+00:00,2022-01-08 13:35:22+00:00,612.35,10.2058,29.02378,-90.03654,9.2,263.9,258.0,29.02536,-90.03893,9.0,1,2,LONG_GAP
368179260,2022-01-08 14:06:41+00:00,2022-01-12 05:39:42+00:00,5253.0167,87.5503,29.03919,-89.95196,8.9,78.1,79.0,29.01826,-89.95243,9.1,2,3,LONG_GAP
368179260,2022-01-12 06:09:11+00:00,2022-01-18 04:27:17+00:00,8538.1,142.3017,29.00171,-90.03561,9.2,258.4,255.0,28.995,-90.03689,9.5,3,4,LONG_GAP
368179260,2022-01-18 04:56:58+00:00,2022-01-18 11:44:18+00:00,407.3333,6.7889,29.02518,-89.95283,9.6,67.9,68.0,29.04303,-90.00156,9.0,4,5,LONG_GAP
368179260,2022-01-18 11:57:27+00:00,2022-01-18 17:06:18+00:00,308.85,5.1475,29.03278,-90.03746,9.0,251.6,250.0,29.01658,-90.02315,9.0,5,6,SIGNIFICANT_GAP
368179260,2022-01-18 17:28:57+00:00,2022-01-19 09:01:08+00:00,932.1833,15.5364,29.04249,-89.96583,8.9,63.2,64.0,29.00068,-90.03804,9.1,6,7,LONG_GAP
368179260,2022-01-19 09:33:47+00:00,2022-01-22 07:15:27+00:00,4181.6667,69.6944,29.03322,-89.95193,9.0,57.4,58.0,29.03099,-90.03664,8.3,7,8,LONG_GAP
368179260,2022-01-22 07:29:37+00:00,2022-01-25 10:23:58+00:00,4494.35,74.9058,29.04315,-90.00209,8.2,66.8,69.0,29.02823,-89.94995,8.5,8,9,LONG_GAP
368179260,2022-01-25 10:58:27+00:00,2022-01-27 18:00:09+00:00,3301.7,55.0283,29.00374,-90.03773,8.3,245.9,243.0,29.03207,-89.98031,9.6,9,10,LONG_GAP
368179260,2022-01-27 18:18:59+00:00,2022-01-28 01:54:09+00:00,455.1667,7.5861,29.02589,-90.03689,9.4,264.2,264.0,29.03336,-90.03686,9.4,10,11,LONG_GAP
368179260,2022-01-28 02:05:19+00:00,2022-02-01 06:22:28+00:00,6017.15,100.2858,29.04266,-90.00487,9.5,71.7,72.0,29.04279,-89.98472,8.0,11,12,LONG_GAP
368188390,2022-01-14 09:58:41+00:00,2022-01-14 10:20:31+00:00,21.8333,0.3639,29.02574,-89.99725,2.5,234.7,,29.01614,-90.0131,2.7,0,1,SHORT_GAP
368188390,2022-01-14 11:39:11+00:00,2022-01-14 15:59:09+00:00,259.9667,4.3328,29.04315,-89.96146,3.1,54.5,,29.01508,-89.95867,8.3,1,2,SIGNIFICANT_GAP
368188390,2022-01-14 16:24:10+00:00,2022-01-15 06:39:20+00:00,855.1667,14.2528,28.96867,-89.99894,8.2,207.7,,28.99899,-90.0386,3.1,2,3,LONG_GAP
368188670,2022-02-01 05:36:39+00:00,2022-02-03 03:44:00+00:00,2767.35,46.1225,29.04332,-90.03176,3.0,44.8,,29.0434,-90.03625,3.3,0,1,LONG_GAP
368188670,2022-02-03 03:44:00+00:00,2022-02-06 08:25:54+00:00,4601.9,76.6983,29.0434,-90.03625,3.3,49.6,,29.0424,-90.03562,3.1,1,2,LONG_GAP
368188670,2022-02-06 08:25:54+00:00,2022-02-07 09:24:32+00:00,1498.6333,24.9772,29.0424,-90.03562,3.1,39.7,,29.04048,-90.03654,2.6,2,3,LONG_GAP
368190560,2022-01-18 04:46:46+00:00,2022-01-18 05:15:27+00:00,28.6833,0.4781,28.99777,-90.03854,3.6,233.4,,29.00275,-90.03927,2.8,0,1,SHORT_GAP
368190560,2022-01-18 06:56:47+00:00,2022-01-18 10:20:26+00:00,203.65,3.3942,29.02388,-89.95051,3.0,72.4,,29.043,-89.96557,2.5,1,2,SIGNIFICANT_GAP
368190560,2022-01-18 10:57:16+00:00,2022-01-18 15:55:57+00:00,298.6833,4.9781,29.04337,-89.96699,2.8,76.6,,29.02347,-89.95035,7.2,2,3,SIGNIFICANT_GAP
368190560,2022-01-18 16:40:26+00:00,2022-02-11 03:05:49+00:00,33745.3833,562.4231,28.97048,-90.03765,7.5,231.2,,29.0105,-90.0386,2.9,3,4,LONG_GAP
368190560,2022-02-11 03:49:30+00:00,2022-02-11 09:55:31+00:00,366.0167,6.1003,29.0413,-90.03898,3.0,339.3,,29.04339,-90.0135,2.6,4,5,LONG_GAP
368190560,2022-02-11 10:32:20+00:00,2022-02-11 23:44:00+00:00,791.6667,13.1944,29.02729,-90.03924,2.7,235.4,,28.9979,-90.03913,3.0,5,6,LONG_GAP
368190560,2022-02-12 00:33:10+00:00,2022-02-16 02:55:06+00:00,5901.9333,98.3656,28.96847,-90.00985,2.8,157.0,,29.0433,-89.98883,2.8,6,7,LONG_GAP
368190560,2022-02-16 04:15:16+00:00,2022-02-16 06:08:25+00:00,113.15,1.8858,29.00079,-90.03899,2.6,226.7,,28.99908,-90.03922,2.7,7,8,SIGNIFICANT_GAP
368190560,2022-02-16 07:42:07+00:00,2022-02-16 11:01:36+00:00,199.4833,3.3247,29.00532,-90.03857,2.5,231.9,,28.99871,-90.03849,2.7,8,9,SIGNIFICANT_GAP
368190560,2022-02-16 12:35:16+00:00,2022-02-16 13:51:05+00:00,75.8167,1.2636,29.00798,-90.03854,2.7,252.4,,29.00166,-90.03895,1.7,9,10,SIGNIFICANT_GAP
368190560,2022-02-16 14:16:45+00:00,2022-02-22 15:26:50+00:00,8710.0833,145.1681,29.01967,-90.02995,6.0,10.9,,28.99238,-90.03918,2.9,10,11,LONG_GAP
368190560,2022-02-22 18:36:35+00:00,2022-02-22 23:53:14+00:00,316.65,5.2775,29.04295,-90.03878,2.7,38.8,,29.04322,-90.03198,2.8,11,12,SIGNIFICANT_GAP
368190560,2022-02-23 00:37:45+00:00,2022-02-23 17:45:44+00:00,1027.9833,17.1331,29.01539,-90.03858,2.8,237.7,,28.96809,-89.98863,1.5,12,13,LONG_GAP
368190560,2022-02-23 18:10:25+00:00,2022-03-03 14:02:27+00:00,11272.0333,187.8672,28.96814,-89.98337,2.4,185.4,,28.96865,-90.03004,7.7,13,14,LONG_GAP
368190560,2022-03-03 18:35:58+00:00,2022-03-03 18:56:27+00:00,20.4833,0.3414,28.9748,-90.03616,0.0,,,28.97479,-90.03623,0.1,14,15,SHORT_GAP
368230820,2022-03-05 23:16:15+00:00,2022-03-18 00:37:55+00:00,17361.6667,289.3611,28.99042,-90.03665,10.3,286.6,284.0,28.99087,-89.9524,11.2,0,1,LONG_GAP
368230820,2022-03-18 01:02:44+00:00,2022-03-27 18:53:20+00:00,14030.6,233.8433,29.01461,-90.03713,11.1,291.3,287.0,28.98097,-90.03879,5.0,1,2,LONG_GAP
368230820,2022-03-27 19:15:19+00:00,2022-03-29 09:30:38+00:00,2295.3167,38.2553,28.9682,-90.00832,4.7,124.2,129.0,28.96803,-90.00749,3.7,2,3,LONG_GAP
368248000,2022-03-20 14:22:15+00:00,2022-03-22 05:11:41+00:00,2329.4333,38.8239,28.96833,-89.97755,8.5,105.9,,28.96918,-89.97827,9.6,0,1,LONG_GAP
368248000,2022-03-22 05:30:32+00:00,2022-03-28 23:38:36+00:00,9728.0667,162.1344,28.98329,-90.03114,9.5,272.9,,28.9753,-90.03777,9.4,1,2,LONG_GAP
368502516,2022-02-09 22:16:49+00:00,2022-03-01 04:25:37+00:00,27728.8,462.1467,28.99945,-89.94983,17.6,115.8,,28.98992,-89.95113,18.6,0,1,LONG_GAP
369098000,2022-01-05 06:22:24+00:00,2022-01-12 22:21:19+00:00,11038.9167,183.9819,28.98243,-90.0353,7.1,86.1,83.0,28.98549,-90.00247,8.4,0,1,LONG_GAP
369098000,2022-01-12 22:34:21+00:00,2022-02-23 20:14:08+00:00,60339.7833,1005.6631,28.98382,-90.03699,8.5,266.4,259.0,29.01947,-89.95184,6.9,1,2,LONG_GAP
369493674,2022-02-14 20:16:44+00:00,2022-02-15 04:15:54+00:00,479.1667,7.9861,28.9739,-89.98059,32.0,188.9,,28.97651,-90.02523,32.3,0,1,LONG_GAP
369552000,2022-02-13 22:11:06+00:00,2022-03-18 14:50:20+00:00,47079.2333,784.6539,28.96883,-90.02075,9.1,107.0,105.0,28.98117,-90.0318,9.1,0,1,LONG_GAP
369552000,2022-03-18 15:12:51+00:00,2022-03-19 19:48:31+00:00,1715.6667,28.5944,28.96821,-89.9707,8.7,108.0,110.0,28.96821,-90.02397,9.7,1,2,LONG_GAP
369768096,2022-01-18 20:55:06+00:00,2022-03-29 09:38:32+00:00,100123.4333,1668.7239,29.03011,-90.0383,9.7,271.7,268.0,29.02867,-90.03702,11.4,0,1,LONG_GAP
369768096,2022-03-29 10:02:22+00:00,2022-03-29 20:20:32+00:00,618.1667,10.3028,29.01847,-89.95295,11.1,97.5,96.0,29.02482,-89.95191,10.2,1,2,LONG_GAP
577275000,2022-01-31 10:18:42+00:00,2022-01-31 10:40:23+00:00,21.6833,0.3614,28.99949,-90.03177,7.5,63.2,63.0,29.01953,-89.98511,7.6,0,1,SHORT_GAP
577275000,2022-01-31 10:52:43+00:00,2022-02-03 23:48:44+00:00,5096.0167,84.9336,29.03028,-89.95784,7.7,66.1,66.0,29.04336,-90.03784,2.5,1,2,LONG_GAP
